Public_MAG_ID	Completeness	Contamination	Strain_heterogeneity	Size	N50	score
RESPICAT_MAG_000001	99.7	0	0	2484281	95010	102.235813659046
RESPICAT_MAG_000002	100	0.07	0	5737903	176962	102.323904008994
RESPICAT_MAG_000003	99.8	0	0	5141030	389559	102.62482628783
RESPICAT_MAG_000004	100	0	0	3902080	127314	101.602438081593
RESPICAT_MAG_000005	99.46	0	0	2893636	74262	101.935027320663
RESPICAT_MAG_000006	97.89	0.45	33.33	1931457	21278	97.0039504022771
RESPICAT_MAG_000007	99.68	0.17	0	6536558	199854	101.521062422459
RESPICAT_MAG_000008	96.46	2.6	33.33	2081826	9438	85.3640199865035
RESPICAT_MAG_000009	98.6	0	0	1756672	45535	100.960682470456
RESPICAT_MAG_000010	97.62	0.79	0	1324616	32632	94.9768218461545
RESPICAT_MAG_000011	100	0	0	4463272	145084	101.630809760337
RESPICAT_MAG_000012	100	0.05	0	4689790	168562	102.395800837783
RESPICAT_MAG_000013	98.62	0.2	0	1905062	60174	99.0597044408479
RESPICAT_MAG_000014	99.59	2.84	0	4131945	34507	86.708953601928
RESPICAT_MAG_000015	98.46	0.33	100	2393033	135283	98.755621612748
RESPICAT_MAG_000016	95	0	0	1633616	259639	97.7558579638882
RESPICAT_MAG_000017	69.15	0.1	0	760826	20162	69.8522668052033
RESPICAT_MAG_000018	98.87	0	0	2774678	94131	101.38948776479
RESPICAT_MAG_000019	64.96	0	0	772091	40634	66.3144447881312
RESPICAT_MAG_000020	97.24	1.67	25	2164101	26484	90.5689917896046
RESPICAT_MAG_000021	97.34	1.21	0	2350352	60431	93.710584223796
RESPICAT_MAG_000022	59.69	0	0	963945	120234	62.2387938478284
RESPICAT_MAG_000023	99.92	0	0	2255062	81527	102.382383730806
RESPICAT_MAG_000024	100	0.6	0	2143849	43114	99.3257971586937
RESPICAT_MAG_000025	100	0.48	0	1889858	39280	99.9067782395574
RESPICAT_MAG_000026	99.53	0.47	0	2383000	32928	99.4585059265412
RESPICAT_MAG_000027	90.33	1.97	42.11	1878708	19457	82.5041049394491
RESPICAT_MAG_000028	100	2.51	100	2093588	35534	92.2377660490043
RESPICAT_MAG_000029	99.51	0.08	0	2884666	58394	101.521217612762
RESPICAT_MAG_000030	99.32	0.17	0	2836034	87314	100.96377938666
RESPICAT_MAG_000031	95.51	1.45	50	2190078	76475	91.4407397428284
RESPICAT_MAG_000032	97.3	7.76	25	3033887	36434	61.7707534269957
RESPICAT_MAG_000033	98.82	0.34	0	2204192	44227	99.4779594906815
RESPICAT_MAG_000034	92.62	3.69	9.09	1687132	95904	77.0189913606328
RESPICAT_MAG_000035	99	0	0	1925515	212679	101.693041804814
RESPICAT_MAG_000036	98.48	0.61	0	1480333	335414	97.2427905929333
RESPICAT_MAG_000037	99.41	4.27	91.67	2495294	82100	83.4814805785597
RESPICAT_MAG_000038	99.39	0	0	1483980	112508	100.965591702256
RESPICAT_MAG_000039	99.05	0	0	1818757	83737	101.521691698801
RESPICAT_MAG_000040	98.21	0	0	2844584	294061	100.962045048226
RESPICAT_MAG_000041	99.78	0	0	2535953	177237	101.454277195171
RESPICAT_MAG_000042	88.58	1.21	0	1377730	20013	83.7306560976861
RESPICAT_MAG_000043	100	0.47	0	2292270	97033	100.155297729404
RESPICAT_MAG_000044	100	2.37	14.29	2384449	142467	90.1155301396192
RESPICAT_MAG_000045	100	0	0	1497791	89311	101.525452476057
RESPICAT_MAG_000046	98.03	0.84	0	2508745	132579	96.4131901694764
RESPICAT_MAG_000047	99.3	0	0	1829635	89840	100.826734871627
RESPICAT_MAG_000048	96.92	1.24	50	4448383	24833	93.5523240942667
RESPICAT_MAG_000049	89.66	0.6	50	1656034	13262	88.071304511788
RESPICAT_MAG_000050	96.62	0	0	2849696	85228	98.1352911486026
RESPICAT_MAG_000051	96.76	0.6	0	1985489	52329	96.1234012177555
RESPICAT_MAG_000052	98.99	2.03	0	2511047	41878	90.2009929662825
RESPICAT_MAG_000053	98.88	0	0	1609244	21713	100.098359916182
RESPICAT_MAG_000054	93.21	0.71	0	2281778	53975	91.0760963255031
RESPICAT_MAG_000055	100	0.47	0	2327042	112940	100.2121658917
RESPICAT_MAG_000056	95.68	1.19	0	1803352	50164	91.1301960795878
RESPICAT_MAG_000057	99.36	0	0	2069589	387488	102.174446295424
RESPICAT_MAG_000058	99.3	0	0	2090858	152969	100.942301713798
RESPICAT_MAG_000059	98.56	0	0	1813976	79281	100.059584559713
RESPICAT_MAG_000060	96.82	0.02	0	2246288	22626	98.9164488913946
RESPICAT_MAG_000061	100	0	0	1865171	178604	102.661303590542
RESPICAT_MAG_000062	98.82	2.37	53.85	2503936	61495	89.6906649029228
RESPICAT_MAG_000063	97.66	0	0	2359197	62438	100.067101891695
RESPICAT_MAG_000064	99.39	0.3	0	1726152	145567	99.5215314658461
RESPICAT_MAG_000065	99.21	0.3	0	2229243	407412	99.5650169083274
RESPICAT_MAG_000066	97.41	0	0	2362733	267236	99.1734474812959
RESPICAT_MAG_000067	99.78	0.22	0	2310784	78906	100.178555014075
RESPICAT_MAG_000068	98.74	0.48	0	2182976	156399	97.987116985948
RESPICAT_MAG_000069	98.24	1.3	16.67	2448526	39059	94.2820665600796
RESPICAT_MAG_000070	100	0.71	0	2394030	74663	98.9014127180648
RESPICAT_MAG_000071	99.35	0	0	2916888	181545	102.027015146172
RESPICAT_MAG_000072	98.94	0	0	1944039	167573	100.60210202237501
RESPICAT_MAG_000073	98.82	0.95	0	2282643	189667	95.758995887467
RESPICAT_MAG_000074	98.81	0.22	0	5197821	168103	99.3727877320077
RESPICAT_MAG_000075	99.63	0	0	2744375	164620	102.277155798676
RESPICAT_MAG_000076	99.87	0.27	0	1954665	178554	101.161896791892
RESPICAT_MAG_000077	100	0	0	2481800	111598	102.530647205738
RESPICAT_MAG_000078	100	0	0	1668862	328234	102.768289982642
RESPICAT_MAG_000079	99.67	0.09	0	2692047	152050	101.84038721224
RESPICAT_MAG_000080	98.47	1.14	0	2552417	193057	94.4628427766041
RESPICAT_MAG_000081	98.17	0	0	1690929	161057	99.823489802626
RESPICAT_MAG_000082	98.23	0.52	0	1985861	40440	96.9834055734595
RESPICAT_MAG_000083	99.39	0	0	1784411	92310	100.922624375484
RESPICAT_MAG_000084	99.3	0	0	1809421	93835	100.836182429167
RESPICAT_MAG_000085	99.29	0	0	1753776	89099	101.787120914886
RESPICAT_MAG_000086	98.78	0.2	0	1546623	156458	99.4271988871832
RESPICAT_MAG_000087	99.11	0	0	2173449	231819	101.812639680705
RESPICAT_MAG_000088	99.81	0	0	2354203	106285	102.361416738438
RESPICAT_MAG_000089	99.03	0	0	2077098	72255	100.509433952685
RESPICAT_MAG_000090	96.82	0	0	1693342	181102	98.4989616232359
RESPICAT_MAG_000091	99.97	0.04	0	4936390	203995	102.452492511411
RESPICAT_MAG_000092	98.24	0	0	2608635	59896	100.64880116006
RESPICAT_MAG_000093	100	0.07	0	5310763	170505	102.306671959525
RESPICAT_MAG_000094	97.3	0	0	2470092	114316	99.8478055098845
RESPICAT_MAG_000095	98.48	0.61	0	1517827	179317	98.0819147322217
RESPICAT_MAG_000096	99.01	0.56	0	1954978	21450	98.3773136482604
RESPICAT_MAG_000097	65.81	0.85	0	724857	408273	64.3859456633405
RESPICAT_MAG_000098	99.32	0.03	0	3025252	102621	101.701270521182
RESPICAT_MAG_000099	91.59	0	0	2343503	83694	93.1013471623282
RESPICAT_MAG_000100	98.24	0.09	0	2480869	174871	99.4613588967798
RESPICAT_MAG_000101	99.1	0	0	2135325	331010	100.909920557128
RESPICAT_MAG_000102	99.92	0.31	0	2143334	70176	99.8430943049987
RESPICAT_MAG_000103	79.84	0.23	0	2060571	8560	79.7062368823386
RESPICAT_MAG_000104	86.79	0	0	1373063	114401	88.3692149103604
RESPICAT_MAG_000105	99.32	0	0	2318365	358393	102.114821648185
RESPICAT_MAG_000106	98.56	0	0	1669202	133635	101.137173108995
RESPICAT_MAG_000107	96.1	0.71	0	1460898	281998	95.3137377641028
RESPICAT_MAG_000108	97.47	0.6	75	2105618	53287	96.3333106353117
RESPICAT_MAG_000109	98.03	0.09	50	2654769	20909	98.8351666313092
RESPICAT_MAG_000110	98.58	0	0	1760503	175867	100.252592177652
RESPICAT_MAG_000111	92.01	3.67	56	2110244	9189	76.7468341257631
RESPICAT_MAG_000112	99.87	0.6	0	7723971	197910	99.5206058694001
RESPICAT_MAG_000113	100	0	0	1430067	140510	101.62385361689
RESPICAT_MAG_000114	97.9	0	0	1696386	68926	100.345984037852
RESPICAT_MAG_000115	100	0.56	0	2128416	44298	99.5467980594031
RESPICAT_MAG_000116	100	0	0	2165984	78514	102.461627885149
RESPICAT_MAG_000117	82.46	1.71	0	1742369	10141	74.963040391358
RESPICAT_MAG_000118	98.78	0.39	0	1678309	54874	98.2496833094639
RESPICAT_MAG_000119	99.29	0	0	1624175	77346	101.749742929394
RESPICAT_MAG_000120	98.6	0	0	1533369	69992	100.072524201761
RESPICAT_MAG_000121	98.2	0.96	0	2697875	154781	96.0264318240985
RESPICAT_MAG_000122	100	0	0	2171587	166653	101.660906568004
RESPICAT_MAG_000123	98.23	0	0	1860012	188717	100.908024712016
RESPICAT_MAG_000124	99.03	0	0	1813964	325277	100.836126677927
RESPICAT_MAG_000125	96.26	0.57	0	2109165	157615	95.0587987731606
RESPICAT_MAG_000126	84.76	0	0	1757650	93878	86.2962819143543
RESPICAT_MAG_000127	99.63	0	0	2835967	29784	101.908321511605
RESPICAT_MAG_000128	100	0.09	0	1896435	95540	102.049661368474
RESPICAT_MAG_000129	99.45	0.55	0	2727139	76181	98.1909233345932
RESPICAT_MAG_000130	93.54	1.12	0	1150108	96483	90.4626038993839
RESPICAT_MAG_000131	95	2.03	50	1811087	25477	87.1180741435398
RESPICAT_MAG_000132	51.17	2.66	100	582435	5722	41.4587739267346
RESPICAT_MAG_000133	59.56	0	0	962292	64085	61.9879735276593
RESPICAT_MAG_000134	99.5	0.76	0	2137844	156072	98.2974258311931
RESPICAT_MAG_000135	98.99	0.62	66.67	2924078	60344	98.7041547140206
RESPICAT_MAG_000136	63.43	1.85	50	774267	11300	56.1815392217417
RESPICAT_MAG_000137	62.11	0	0	709499	77753	64.5696448273595
RESPICAT_MAG_000138	99.05	0	0	2422874	65601	101.465496479834
RESPICAT_MAG_000139	82.05	1.31	80	1241787	9118	77.577949793933
RESPICAT_MAG_000140	84.33	0	0	774845	98287	85.8762480396809
RESPICAT_MAG_000141	94.13	0.63	0	2035712	22133	93.1720376420098
RESPICAT_MAG_000142	52.48	0	0	996455	63825	54.8827724117381
RESPICAT_MAG_000143	98.31	0	0	2874874	168550	100.942347878429
RESPICAT_MAG_000144	99.61	0.1	0	1941573	266311	101.848874219358
RESPICAT_MAG_000145	61.86	0	0	574078	19346	64.0101975917187
RESPICAT_MAG_000146	90.62	1.42	0	1422612	8214	84.5272773492588
RESPICAT_MAG_000147	97.85	0	0	1735224	24083	99.0908552928355
RESPICAT_MAG_000148	87.65	1.33	50	2617390	8752	83.6665201544947
RESPICAT_MAG_000149	95.11	2.37	0	3256351	14890	85.3752498488761
RESPICAT_MAG_000150	96.02	0.12	0	2261688	77381	97.9139791689195
RESPICAT_MAG_000151	96.77	0	0	1741019	18458	97.9530923208254
RESPICAT_MAG_000152	97.89	0.57	0	1699876	16568	96.1996350429427
RESPICAT_MAG_000153	99.05	0	0	2124231	34460	101.351851236556
RESPICAT_MAG_000154	64.59	0	0	618403	220396	67.2818118540879
RESPICAT_MAG_000155	99.38	2.78	0	3309393	63639	87.9316526733416
RESPICAT_MAG_000156	94.78	0	0	1906535	75060	97.2547154050385
RESPICAT_MAG_000157	59.54	0.85	0	996396	23953	56.5296799572438
RESPICAT_MAG_000158	62.82	0.85	0	839603	11697	59.6540372449538
RESPICAT_MAG_000159	99.14	0.12	0	1774361	65430	100.952412210149
RESPICAT_MAG_000160	98.66	0	0	3136622	130070	101.236960195122
RESPICAT_MAG_000161	98.25	0.83	33.33	2303526	31615	96.6475243930746
RESPICAT_MAG_000162	91.51	1.85	78.95	1763546	12471	85.7787576396129
RESPICAT_MAG_000163	98.95	1.24	25	2231784	26302	95.2837143867152
RESPICAT_MAG_000164	97.57	8.04	73.68	2028083	19307	64.4867293982915
RESPICAT_MAG_000165	97.44	0.79	50	2129383	32194	96.1570942698589
RESPICAT_MAG_000166	94.1	2.87	71.43	1939767	9562	83.8392023696799
RESPICAT_MAG_000167	98.27	0.34	0	2589845	53378	98.9663163153374
RESPICAT_MAG_000168	78.79	0.45	0	701453	129037	79.100875795428
RESPICAT_MAG_000169	93.33	0	0	703026	21784	94.549068814166
RESPICAT_MAG_000170	99.04	0	0	2334124	71497	101.482534709636
RESPICAT_MAG_000171	56.63	0.39	25	1044158	5582	55.7008949160763
RESPICAT_MAG_000172	98.32	2.72	61.54	1900618	28177	87.6688353759906
RESPICAT_MAG_000173	99.32	0	0	2389198	86781	101.803784325155
RESPICAT_MAG_000174	91.11	1.91	71.43	2069290	8635	83.9424441709517
RESPICAT_MAG_000175	98.36	0.4	0	2446262	37760	98.680225742813
RESPICAT_MAG_000176	85.7	0.48	50	1261381	9672	84.5827581439263
RESPICAT_MAG_000177	65.81	2.56	25	732724	150170	55.2882915903827
RESPICAT_MAG_000178	95.76	0.36	50	2003624	79785	96.6015677913548
RESPICAT_MAG_000179	90.71	0.84	0	2587183	41098	88.8441823439052
RESPICAT_MAG_000180	61.57	0	0	756945	5318	62.4828741664978
RESPICAT_MAG_000181	97.16	0	0	1398696	82417	99.6466534010227
RESPICAT_MAG_000182	100	0.28	0	1800244	201249	101.280527198858
RESPICAT_MAG_000183	98.41	0.23	75	2033808	36310	98.7625131244564
RESPICAT_MAG_000184	99.32	0.21	50	1934675	67797	99.840605238436
RESPICAT_MAG_000185	86.4	1.23	0	1703011	9405	81.2866793999432
RESPICAT_MAG_000186	93.61	1.06	42.86	2169990	26204	91.00275679538
RESPICAT_MAG_000187	99.4	0	0	1930610	164365	102.040123672037
RESPICAT_MAG_000188	99.67	0	0	2469438	104167	101.22886507835
RESPICAT_MAG_000189	64.96	0.85	0	723993	140878	62.3344215887314
RESPICAT_MAG_000190	97.79	0.89	0	4578807	20038	94.5409271861348
RESPICAT_MAG_000191	99.43	0	0	1877158	152526	101.07167194051
RESPICAT_MAG_000192	64.96	0	0	739150	30601	66.2528678094399
RESPICAT_MAG_000193	97.89	0.4	66.67	2535023	26869	98.3924538945225
RESPICAT_MAG_000194	98.99	0.67	0	3838241	55150	97.0607727583881
RESPICAT_MAG_000195	97.15	0.63	0	2086335	33251	96.2742023554654
RESPICAT_MAG_000196	94.58	2.91	75	1723389	22007	83.4337804217254
RESPICAT_MAG_000197	98.42	3.24	80	2341271	22331	87.0115245857802
RESPICAT_MAG_000198	96.43	3.59	50	1731480	30086	82.5203942255849
RESPICAT_MAG_000199	98.89	0.31	0	5166148	88903	98.8644582081649
RESPICAT_MAG_000200	98.08	1.03	66.67	1665973	166089	96.2421954351375
RESPICAT_MAG_000201	100	1.08	0	3964775	124346	96.1973159096567
RESPICAT_MAG_000202	100	0	0	3899341	57814	101.431016509059
RESPICAT_MAG_000203	98.86	0	0	1812417	91293	101.367835739381
RESPICAT_MAG_000204	99.78	0.15	0	2406692	76837	101.493513200031
RESPICAT_MAG_000205	95.68	1.15	80	1840578	51739	92.2569090152568
RESPICAT_MAG_000206	99.96	1.42	16.67	2426066	54144	95.4798625018448
RESPICAT_MAG_000207	99.67	0.3	0	2449732	83683	100.637960620537
RESPICAT_MAG_000208	99.49	1.42	33.33	2401891	66418	95.2837403969226
RESPICAT_MAG_000209	93.33	2.33	75	2280938	6040	84.3680184693106
RESPICAT_MAG_000210	94.82	0	0	1889252	13404	96.8986512095816
RESPICAT_MAG_000211	96.53	1.58	41.67	1851053	15472	90.4331592283694
RESPICAT_MAG_000212	98.68	0	0	2688646	62565	100.128165724451
RESPICAT_MAG_000213	92.75	1.75	0	2526051	5622	84.9249454206357
RESPICAT_MAG_000214	99.1	0.45	0	2151683	40983	98.2063018730277
RESPICAT_MAG_000215	93.99	4.25	65.79	1801865	14522	76.6670882162106
RESPICAT_MAG_000216	97.31	1.05	100	1968281	26086	94.3682037449716
RESPICAT_MAG_000217	97.89	0	0	1950947	50681	100.253330187737
RESPICAT_MAG_000218	97.47	3.09	11.11	4699669	18921	83.5517710428565
RESPICAT_MAG_000219	96.81	0	0	2453906	45468	98.1888529256613
RESPICAT_MAG_000220	71.53	2.2	84.62	1362460	5302	63.3038598616985
RESPICAT_MAG_000221	80.88	0.16	0	713873	13482	81.1948771614014
RESPICAT_MAG_000222	99.92	0.5	0	2199751	63670	98.8719674249319
RESPICAT_MAG_000223	98.28	1.01	50	3216338	12458	94.8327241632691
RESPICAT_MAG_000224	87.79	0	0	1362173	15299	88.9323315223148
RESPICAT_MAG_000225	65.81	0.95	0	729286	49242	62.4561678419034
RESPICAT_MAG_000226	85.99	1.72	50	1485188	9228	79.2825537929245
RESPICAT_MAG_000227	54.3	0.85	100	636767	8836	51.9231278535997
RESPICAT_MAG_000228	99.92	0	0	2234905	78367	102.371369360838
RESPICAT_MAG_000229	99.88	0.56	100	2380223	127432	99.242639249629
RESPICAT_MAG_000230	98.46	0.08	0	2014187	144031	100.643315654659
RESPICAT_MAG_000231	87.4	1.74	75	1766566	20610	81.2120389958896
RESPICAT_MAG_000232	99.94	0.06	0	5890560	149285	101.277008086232
RESPICAT_MAG_000233	100	1.09	25	1988565	221980	96.5456569235296
RESPICAT_MAG_000234	100	0.86	0	2117196	73329	98.1337538812443
RESPICAT_MAG_000235	88.91	0	0	778108	90752	90.4389281024155
RESPICAT_MAG_000236	91.69	3.16	60	2023101	16643	79.9283073065907
RESPICAT_MAG_000237	95.84	0.8	0	1738205	25086	93.089715708967
RESPICAT_MAG_000238	100	0.62	33.33	1427188	68202	99.5277588051892
RESPICAT_MAG_000239	98.05	1.11	28.57	2169712	23059	95.0042712346559
RESPICAT_MAG_000240	65.81	0.28	33.33	717543	82165	66.9871614297928
RESPICAT_MAG_000241	98.67	0	0	2244561	76349	101.121265676575
RESPICAT_MAG_000242	99.12	1.33	11.11	4160000	27983	93.8912101362359
RESPICAT_MAG_000243	99.84	2.44	0	4583369	161248	89.2937471683378
RESPICAT_MAG_000244	99.44	1.42	0	3044527	56435	93.7657742646903
RESPICAT_MAG_000245	99.96	2.31	8.33	7583320	150434	90.2410960017169
RESPICAT_MAG_000246	51.97	1.71	50	539978	6071	45.2166301164365
RESPICAT_MAG_000247	96.97	2.39	66.67	2097226	37037	87.9477309007732
RESPICAT_MAG_000248	61.97	1.47	0	716782	11064	55.6919560835506
RESPICAT_MAG_000249	99.24	2.53	75	2018707	49722	89.8857742946137
RESPICAT_MAG_000250	99.89	0.23	50	2049279	164449	101.467458951793
RESPICAT_MAG_000251	99.45	0.27	0	1768742	80416	100.556084733456
RESPICAT_MAG_000252	93.45	0.22	100	2387305	30324	93.8608932439838
RESPICAT_MAG_000253	73.32	0.73	66.67	1414935	7421	71.1419222157944
RESPICAT_MAG_000254	84.33	0	0	839421	49702	85.7281869325104
RESPICAT_MAG_000255	99.2	0.6	66.67	1979713	44768	97.9755038464059
RESPICAT_MAG_000256	65.81	0	0	702864	50385	68.1645021314487
RESPICAT_MAG_000257	68.74	0.25	93.33	1219593	6323	68.6737865909066
RESPICAT_MAG_000258	92.15	0.96	0	2182820	18477	89.496346729405
RESPICAT_MAG_000259	65.81	0	0	726674	139272	68.3936159061381
RESPICAT_MAG_000260	98.13	0	0	2321458	34533	100.423539904319
RESPICAT_MAG_000261	98.88	1.08	71.43	3264401	39179	96.5781206734605
RESPICAT_MAG_000262	98.79	0.4	66.67	1932973	29211	98.339453212363
RESPICAT_MAG_000263	76.78	0.69	33.33	1631414	7652	75.5185184806776
RESPICAT_MAG_000264	96	0	0	2232570	60218	98.3923461636705
RESPICAT_MAG_000265	91.96	1.41	54.55	2108618	15483	86.8240825568948
RESPICAT_MAG_000266	93.05	1.04	100	1763931	15569	90.036130359321
RESPICAT_MAG_000267	97.34	0	0	2483356	79949	99.8074865179861
RESPICAT_MAG_000268	56.15	0.09	100	568024	5675	56.7169829329326
RESPICAT_MAG_000269	99.29	0.95	50	1717250	32010	97.2880388370721
RESPICAT_MAG_000270	99.29	0.24	0	2622250	65360	100.510559646762
RESPICAT_MAG_000271	98.32	1.18	100	1997156	57587	95.9786622272544
RESPICAT_MAG_000272	95.28	4.73	62.96	1797058	23576	75.8442430614209
RESPICAT_MAG_000273	62.86	1.69	66.67	996343	6063	56.4780667841175
RESPICAT_MAG_000274	84.51	0.63	0	1636608	8034	82.3624659136978
RESPICAT_MAG_000275	97.5	1.28	100	1879378	16605	93.5401194399672
RESPICAT_MAG_000276	82.61	1.19	83.33	1496376	8211	78.6588250260649
RESPICAT_MAG_000277	97.81	0.31	50	3812590	58701	97.8493227498639
RESPICAT_MAG_000278	98.41	0.56	28.57	5492777	115420	97.3511325349863
RESPICAT_MAG_000279	100	0.16	0	3046274	143905	100.829037941912
RESPICAT_MAG_000280	98.96	2.95	85.19	2150518	26483	87.9845885902639
RESPICAT_MAG_000281	91.51	0.76	50	1716903	15408	89.2338731348902
RESPICAT_MAG_000282	97.69	0.86	20	3484766	32749	94.8695990216126
RESPICAT_MAG_000283	58.55	1.8	0	708710	10549	50.6116056461644
RESPICAT_MAG_000284	99.59	0.28	0	1894312	45227	100.518232890527
RESPICAT_MAG_000285	65.81	0	0	722843	41731	67.1702293959178
RESPICAT_MAG_000286	97.18	0.89	50	1489357	37749	95.4638497256616
RESPICAT_MAG_000287	71.79	1.29	0	1170059	7758	66.334874887632
RESPICAT_MAG_000288	93.05	2.04	33.33	2260692	7123	84.5062634721723
RESPICAT_MAG_000289	99.32	0	0	2557782	51263	100.724902009131
RESPICAT_MAG_000290	93.52	0.7	60	1915686	25024	91.6891783656899
RESPICAT_MAG_000291	99.02	0.25	0	4563907	66731	99.2321638165182
RESPICAT_MAG_000292	99.12	1.78	20	2086687	47752	92.9208782829418
RESPICAT_MAG_000293	84.33	0	0	770937	129250	86.887853075883
RESPICAT_MAG_000294	69.14	0	0	616346	13060	70.2479715884695
RESPICAT_MAG_000295	98.48	0.61	0	1490520	134529	98.020071290307
RESPICAT_MAG_000296	80.69	1.72	100	718556	45452	75.1887764990029
RESPICAT_MAG_000297	98.56	0	0	1771172	48781	100.929851849506
RESPICAT_MAG_000298	97.73	8.76	85.42	2147966	12356	62.5087309498147
RESPICAT_MAG_000299	99.16	0.11	0	2180553	150649	101.226074726598
RESPICAT_MAG_000300	97.88	0.25	50	1559783	65999	99.1929646776363
RESPICAT_MAG_000301	96.65	8.44	12.9	2010784	14458	56.6688141102055
RESPICAT_MAG_000302	100	0	0	2439594	100931	102.51827503808
RESPICAT_MAG_000303	98.21	1.01	50	2969458	33980	95.9302186872665
RESPICAT_MAG_000304	82.6	0	0	749597	30676	83.8933993645488
RESPICAT_MAG_000305	90.71	0	0	1451777	7115	92.6528464522101
RESPICAT_MAG_000306	97.8	0.26	85.71	1857596	79184	99.1766353849002
RESPICAT_MAG_000307	96.81	0	0	1638594	31160	99.0631452245003
RESPICAT_MAG_000308	99.14	1.42	60	1924436	71095	95.3177295292765
RESPICAT_MAG_000309	52.46	0.67	100	1041849	38664	51.1236533910654
RESPICAT_MAG_000310	100	1.3	0	2177094	43952	95.8404763210382
RESPICAT_MAG_000311	95.41	0.38	0	2482878	53039	94.9222976636318
RESPICAT_MAG_000312	99.41	0.44	0	1259951	102636	98.7656498590384
RESPICAT_MAG_000313	54.37	0	0	595345	40762	55.7251277423244
RESPICAT_MAG_000314	99.67	1.11	33.33	2056151	27563	95.7601262425492
RESPICAT_MAG_000315	98.71	1.54	50	1931168	9459	92.8179226127338
RESPICAT_MAG_000316	98.48	0.38	0	2526634	73517	98.0631938882666
RESPICAT_MAG_000317	89.52	1.61	100	1282775	53137	84.49269851572
RESPICAT_MAG_000318	83.95	1.46	0	1514924	11447	78.6889128414096
RESPICAT_MAG_000319	90.31	0.6	0	1350351	13706	89.3953943637407
RESPICAT_MAG_000320	98.91	0.55	0	1812210	31636	98.4310847834345
RESPICAT_MAG_000321	99.46	0	0	1801854	182253	102.125586509572
RESPICAT_MAG_000322	96.99	8.22	89.66	2220542	9740	64.3043314784393
RESPICAT_MAG_000323	96.3	2.63	86.67	2107185	12695	86.5312373526049
RESPICAT_MAG_000324	60.26	0	0	702425	28548	61.5377878440424
RESPICAT_MAG_000325	78.24	3.05	85.71	2161097	9962	66.6533282686982
RESPICAT_MAG_000326	58.87	1.71	0	960551	12694	51.421799246989
RESPICAT_MAG_000327	95.55	1.41	40	2142385	16522	90.2230313089132
RESPICAT_MAG_000328	99.66	3.41	0	6278865	141275	84.235032657985
RESPICAT_MAG_000329	82.6	0	0	770292	62797	84.048969448345
RESPICAT_MAG_000330	64.96	0	0	726300	117621	66.5452424337013
RESPICAT_MAG_000331	64.53	0	0	676555	30345	65.8210435709132
RESPICAT_MAG_000332	94.18	0.16	100	1820157	34013	94.8558224695386
RESPICAT_MAG_000333	61.91	4.31	0	534248	7316	41.3421368484022
RESPICAT_MAG_000334	97.36	0.67	40	2025904	57573	96.6743774300784
RESPICAT_MAG_000335	96.61	5.53	80.56	2025097	12490	74.513249219187
RESPICAT_MAG_000336	94.52	0.07	0	1795486	19145	95.3610276853418
RESPICAT_MAG_000337	99.53	0.59	0	2409130	44210	98.9304665907863
RESPICAT_MAG_000338	98.58	0.63	0	1853737	20701	97.6073916626799
RESPICAT_MAG_000339	100	0.11	100	2158270	205294	102.226652128351
RESPICAT_MAG_000340	92.9	1.71	30	1703620	39852	87.165638060823
RESPICAT_MAG_000341	99.32	0	0	3104254	220046	101.998500739179
RESPICAT_MAG_000342	98.73	2.87	50	2437576	88323	88.3055989059926
RESPICAT_MAG_000343	92.74	0	0	1335460	446975	94.6151416165261
RESPICAT_MAG_000344	65.81	0	0	710443	177108	67.4841190893962
RESPICAT_MAG_000345	97.72	0.36	0	1983629	199857	98.5724546820227
RESPICAT_MAG_000346	98.99	0.11	0	2299290	212090	101.136530596052
RESPICAT_MAG_000347	98.92	0.24	0	1926974	159531	99.3714225437617
RESPICAT_MAG_000348	100	0	0	1768563	104079	102.508984555417
RESPICAT_MAG_000349	91.57	1.69	0	858878	70123	85.5763757438961
RESPICAT_MAG_000350	84.33	0	0	806395	59500	85.7672584828643
RESPICAT_MAG_000351	90.42	0.64	0	1314626	91646	88.7510567572032
RESPICAT_MAG_000352	64.38	0.34	100	1295994	10342	64.077302266718
RESPICAT_MAG_000353	99.34	0.2	0	2044005	82199	99.84743326706
RESPICAT_MAG_000354	94.54	0.55	100	1698009	69292	94.7674375483563
RESPICAT_MAG_000355	65.81	0	0	695745	354766	67.6349709956589
RESPICAT_MAG_000356	99.71	0.33	0	1949191	73631	99.5435303493863
RESPICAT_MAG_000357	90.64	1.5	60	1729563	8653	85.0585833518575
RESPICAT_MAG_000358	95.29	0	0	1885993	20424	97.4594167342314
RESPICAT_MAG_000359	88.87	3.93	79.17	1780900	6675	73.2936066350183
RESPICAT_MAG_000360	94.26	8.02	88.89	2113861	19796	62.4872667225696
RESPICAT_MAG_000361	63.2	0.85	0	756236	20306	60.1538121909241
RESPICAT_MAG_000362	63.74	0	0	611556	85022	66.2301011584004
RESPICAT_MAG_000363	98.55	1.22	0	2981448	69138	93.9198584061342
RESPICAT_MAG_000364	95.47	1.13	33.33	2096003	25322	91.448378002226
RESPICAT_MAG_000365	79.29	0.47	66.67	1264367	7494	78.2407058443789
RESPICAT_MAG_000366	52.68	0	0	557597	18257	53.8607147077797
RESPICAT_MAG_000367	99.28	0.2	0	1766314	151959	100.894987880127
RESPICAT_MAG_000368	99.72	0.08	0	1914604	99505	101.82540585202
RESPICAT_MAG_000369	96.93	0	0	1821885	470918	99.7680096454457
RESPICAT_MAG_000370	73.54	0.16	100	630404	17791	74.0751001798395
RESPICAT_MAG_000371	100	1.12	0	2036153	89714	96.8955713603086
RESPICAT_MAG_000372	96.64	0.74	0	3869359	59856	94.3785538454271
RESPICAT_MAG_000373	88.43	1.68	0	1830192	11757	81.1151482590989
RESPICAT_MAG_000374	74.33	0	0	1076912	35682	75.6562245944415
RESPICAT_MAG_000375	80.52	1.13	20	1555626	10847	76.1636548200784
RESPICAT_MAG_000376	99.78	0.66	0	2408956	42968	97.8465725696837
RESPICAT_MAG_000377	78.84	1.72	0	667574	11739	71.3248155513102
RESPICAT_MAG_000378	96.63	0	0	2074152	43209	98.9497466077042
RESPICAT_MAG_000379	99.02	0.1	100	1936703	297524	100.406761002086
RESPICAT_MAG_000380	95.6	1.28	100	2225996	30778	91.774120197657
RESPICAT_MAG_000381	97.28	8.6	40	2225695	9717	58.7637661013649
RESPICAT_MAG_000382	99.72	0.38	80	1978281	51029	99.5279085288385
RESPICAT_MAG_000383	97.45	1.66	9.09	1900121	11824	90.3872762105254
RESPICAT_MAG_000384	65.38	0	0	720040	96776	67.87711858382
RESPICAT_MAG_000385	98.9	3.67	71.43	2328194	27969	84.4448194694703
RESPICAT_MAG_000386	98.68	8.5	86.79	2218192	16376	64.7142539148272
RESPICAT_MAG_000387	98.28	2.6	80	2001754	20141	88.56204051473
RESPICAT_MAG_000388	61.25	0	0	1000450	185919	62.9346618873913
RESPICAT_MAG_000389	90.2	3.66	26.67	1769050	5287	73.7877266552026
RESPICAT_MAG_000390	95.5	1.44	100	1823959	63726	92.1495963296114
RESPICAT_MAG_000391	100	0	0	1858532	69640	102.423570547889
RESPICAT_MAG_000392	98.74	0.33	0	2708929	33461	99.3564454579724
RESPICAT_MAG_000393	65.81	0.85	0	743216	413893	63.4184440407106
RESPICAT_MAG_000394	100	0	0	1877177	177847	102.637340521858
RESPICAT_MAG_000395	90.72	1.04	83.33	1967198	24609	88.6107169831353
RESPICAT_MAG_000396	99.83	0.32	0	1974734	161542	99.8841427277201
RESPICAT_MAG_000397	62.7	1.71	0	705179	178526	55.8258507372108
RESPICAT_MAG_000398	99.75	0.11	100	1909648	144994	101.891931015528
RESPICAT_MAG_000399	98.46	0.09	0	2536916	237127	99.7474905034408
RESPICAT_MAG_000400	99.34	1.8	91.67	1978953	25331	93.2418861674557
RESPICAT_MAG_000401	99.53	0.89	50	2466111	26541	96.786958640995607
RESPICAT_MAG_000402	99.78	0.15	100	2426585	75944	100.670246733933
RESPICAT_MAG_000403	96.29	0	0	2433789	33882	97.6049845190603
RESPICAT_MAG_000404	95.51	6.41	23.08	1982914	13844	67.0327462953111
RESPICAT_MAG_000405	74.45	1.4	0	1026052	58831	69.8516693152594
RESPICAT_MAG_000406	74.86	0.77	0	749368	10804	72.0767922877577
RESPICAT_MAG_000407	78.96	0	0	693362	37605	81.2674567965069
RESPICAT_MAG_000408	60.58	0.17	0	1281653	9625	60.7717003690903
RESPICAT_MAG_000409	99.73	1.1	60	2024270	53576	96.304485142964
RESPICAT_MAG_000410	98.41	0.28	0	1889533	170932	98.6764116870727
RESPICAT_MAG_000411	95.79	0.34	0	1710009	20123	96.2789583635976
RESPICAT_MAG_000412	60.68	0	0	658148	147731	62.3147358188011
RESPICAT_MAG_000413	65.81	0	0	777565	89841	67.3367372886573
RESPICAT_MAG_000414	82.45	0	0	760699	49009	83.845137920539
RESPICAT_MAG_000415	97.91	0.27	0	1933596	72317	98.9889392007796
RESPICAT_MAG_000416	63.74	0	0	679309	375478	66.5383029146224
RESPICAT_MAG_000417	60.03	0.93	100	640378	18642	57.4952462518193
RESPICAT_MAG_000418	99.78	0.21	100	2439754	157475	100.588605808511
RESPICAT_MAG_000419	84.33	0	0	810284	194968	86.9809094183381
RESPICAT_MAG_000420	96.86	0.23	0	1792412	94195	98.2001337252285
RESPICAT_MAG_000421	96.16	1.54	0	1725398	19375	89.6536208555892
RESPICAT_MAG_000422	99.51	0.44	25	2207550	106067	99.9733891427182
RESPICAT_MAG_000423	96.82	0.64	0	2269529	45215	95.9764092675886
RESPICAT_MAG_000424	97.29	0.37	0	2466681	185309	98.0961615895536
RESPICAT_MAG_000425	79.31	0	0	751230	36537	80.6413664425957
RESPICAT_MAG_000426	100	0.71	0	1738482	77152	98.9113702610154
RESPICAT_MAG_000427	61.54	0.85	0	691903	171194	58.9567442697367
RESPICAT_MAG_000428	98.1	0	0	2540311	87235	100.584793382702
RESPICAT_MAG_000429	90.61	1.75	25	1860075	8810	84.290847954206
RESPICAT_MAG_000430	63.01	0.34	0	565736	12332	62.4055167580272
RESPICAT_MAG_000431	84.55	3.93	0	797478	17451	66.070910159259
RESPICAT_MAG_000432	63.74	0	0	680557	170922	66.3649214829803
RESPICAT_MAG_000433	65.81	0.85	0	724834	422618	64.3790399952155
RESPICAT_MAG_000434	98.87	0	0	2642755	67432	101.318617270414
RESPICAT_MAG_000435	59.83	0.55	75	995572	13003	58.599521781274
RESPICAT_MAG_000436	99.66	0.08	0	2018357	247536	101.006819184391
RESPICAT_MAG_000437	98.83	2.28	55.56	2045909	58047	90.128657889667707
RESPICAT_MAG_000438	94.95	1.43	70	1827771	44022	90.1728348847292
RESPICAT_MAG_000439	94.54	0.57	0	1586041	87680	93.2114502705702
RESPICAT_MAG_000440	99.52	0	0	2863506	135124	102.096810579798
RESPICAT_MAG_000441	87.79	5.62	83.33	2031002	11348	65.4506056635619
RESPICAT_MAG_000442	98.91	0.55	0	1843459	47493	98.5070718018082
RESPICAT_MAG_000443	97.3	0.37	0	2518460	177673	98.0970475748668
RESPICAT_MAG_000444	97.99	0.57	0	1974874	66107	96.6001237244509
RESPICAT_MAG_000445	84.29	2.25	0	1672458	9433	75.0636699172194
RESPICAT_MAG_000446	87.2	4.38	86.21	1695652	9933	70.1245382177359
RESPICAT_MAG_000447	64.96	0.85	0	756983	84374	62.2231043193074
RESPICAT_MAG_000448	61.12	3.47	50	626031	10147	46.5581688301873
RESPICAT_MAG_000449	51	0	0	500594	12832	52.10414717547
RESPICAT_MAG_000450	64.96	0.85	0	707775	63353	62.1608835925821
RESPICAT_MAG_000451	93.2	1.52	100	1462626	16608	89.2483466680842
RESPICAT_MAG_000452	98.91	0	0	1678096	54679	101.284376781675
RESPICAT_MAG_000453	96	3.54	67.74	1865418	22673	81.9257504940122
RESPICAT_MAG_000454	99.46	0.19	0	6641273	149491	100.147307523528
RESPICAT_MAG_000455	90.9	2.33	28.57	2587011	13707	81.0341522063877
RESPICAT_MAG_000456	93.22	0.52	0	3166919	26257	91.8796225520825
RESPICAT_MAG_000457	83.23	0.62	0	1969599	30883	81.4248597407179
RESPICAT_MAG_000458	99.91	0.63	0	2203628	27555	98.0301002076807
RESPICAT_MAG_000459	98.37	0	0	1805702	77781	100.819904161201
RESPICAT_MAG_000460	95.53	4.54	84.38	2042397	10693	77.7254017834118
RESPICAT_MAG_000461	87.31	0.2	0	1602756	41272	87.6678277574326
RESPICAT_MAG_000462	99.72	1.81	25	1929554	83842	92.6342308147972
RESPICAT_MAG_000463	97.82	5.81	88.24	1948985	23073	75.1282960330373
RESPICAT_MAG_000464	96.14	4.32	66.67	2003821	10857	78.4879989189139
RESPICAT_MAG_000465	99.53	0.71	0	2402442	31733	98.245696965862
RESPICAT_MAG_000466	99.41	0	0	2113016	85030	101.888133422872
RESPICAT_MAG_000467	96.07	0.55	0	1689657	15337	95.4300932087875
RESPICAT_MAG_000468	98.5	0.2	0	1549494	296917	100.260160031932
RESPICAT_MAG_000469	100	0	0	1441489	208864	102.664250545508
RESPICAT_MAG_000470	93.51	1.57	66.67	1619149	10418	87.7656111765483
RESPICAT_MAG_000471	99.89	0.64	0	1954303	203494	98.3942758043106
RESPICAT_MAG_000472	99.46	1.9	0	1911845	98478	92.4788296099404
RESPICAT_MAG_000473	97.59	0.12	0	1524805	43813	99.3519494957838
RESPICAT_MAG_000474	98.76	0.68	0	2307809	104867	97.8880344220155
RESPICAT_MAG_000475	96.63	0.07	0	2236814	55266	98.6717495163438
RESPICAT_MAG_000476	64.44	1.39	50	777393	58199	59.6174577612406
RESPICAT_MAG_000477	64.54	0	0	755960	97681	66.0849050485041
RESPICAT_MAG_000478	93.33	0	0	773540	57378	95.7591677030799
RESPICAT_MAG_000479	99.37	0.63	0	2427452	111007	98.7555688495984
RESPICAT_MAG_000480	84.33	0	0	786159	95323	85.8695988509903
RESPICAT_MAG_000481	95.78	0	0	2235221	64307	98.185156124844
RESPICAT_MAG_000482	64.67	0	0	811297	23900	65.9091989504741
RESPICAT_MAG_000483	99.3	0.7	0	2336728	68278	97.2671403956349
RESPICAT_MAG_000484	60.68	1.71	0	775323	119492	54.6710689151017
RESPICAT_MAG_000485	98.21	0.6	0	2641679	50322	96.6108789467005
RESPICAT_MAG_000486	88.89	1.6	50	806171	5969	82.6279507894458
RESPICAT_MAG_000487	81.48	0	0	2040344	71607	83.9566767395951
RESPICAT_MAG_000488	78.3	0.73	0	2344630	8135	75.6551787786364
RESPICAT_MAG_000489	93.23	0.81	100	2024697	12844	92.0697941484472
RESPICAT_MAG_000490	88.42	0.73	0	1035761	214461	87.4570601633542
RESPICAT_MAG_000491	88.94	2.07	0	2424553	111499	81.1348994861745
RESPICAT_MAG_000492	80.88	0	0	814666	71592	82.3574322475368
RESPICAT_MAG_000493	70.35	0	0	659669	13890	71.4713511228688
RESPICAT_MAG_000494	97.84	0.37	0	2141267	190898	97.6804006892007
RESPICAT_MAG_000495	60.4	0.85	0	991351	543156	59.0496992906775
RESPICAT_MAG_000496	100	0.63	0	2253699	126916	99.4174314380122
RESPICAT_MAG_000497	89.49	3.24	58.33	1651499	20074	76.3812089599069
RESPICAT_MAG_000498	64.35	1.95	66.67	746516	50702	57.3025775454638
RESPICAT_MAG_000499	83.21	4.49	100	1826049	11990	66.3394095915494
RESPICAT_MAG_000500	97.96	1.11	100	2194786	125211	95.1188212420308
RESPICAT_MAG_000501	96.02	5.34	75	2277399	11968	75.3860417902602
RESPICAT_MAG_000502	97.22	2.34	33.33	2127497	32939	87.6087772051115
RESPICAT_MAG_000503	63.39	0	0	690045	42865	65.7304554140314
RESPICAT_MAG_000504	92.76	0	0	2066967	21505	94.9604417234451
RESPICAT_MAG_000505	98.39	0.81	0	2103516	45757	95.7202287713742
RESPICAT_MAG_000506	79.09	0.71	0	2012167	64342	76.99424727817
RESPICAT_MAG_000507	64.96	0.85	100	752536	74725	64.0188179618557
RESPICAT_MAG_000508	96.64	0	0	2508903	35944	98.9478742027925
RESPICAT_MAG_000509	56.85	2.66	50	673448	10108	45.9323326166239
RESPICAT_MAG_000510	99.13	9.98	32.5	2437155	12726	53.5758459594501
RESPICAT_MAG_000511	61.54	0	0	777577	49184	62.9359119229098
RESPICAT_MAG_000512	60.4	0.85	0	988090	26098	57.4083036133962
RESPICAT_MAG_000513	99.23	0	0	2267248	37198	100.565259795044
RESPICAT_MAG_000514	59.54	1.28	50	1041920	55954	56.1833555692555
RESPICAT_MAG_000515	64.59	0	0	646221	86167	67.0578404863815
RESPICAT_MAG_000516	99.65	0.05	0	2182047	113699	101.957593822509
RESPICAT_MAG_000517	95.74	0.06	0	2169851	180360	97.1180701133173
RESPICAT_MAG_000518	56.98	0.85	0	1060131	101261	54.2827211059671
RESPICAT_MAG_000519	84.33	0	0	835206	217057	87.0183828981105
RESPICAT_MAG_000520	63.58	0	0	866311	34332	65.8688492185931
RESPICAT_MAG_000521	61.18	0	0	637832	34757	63.4806331419483
RESPICAT_MAG_000522	100	0	0	1579078	60907	102.407507104335
RESPICAT_MAG_000523	99.06	0.23	100	2030165	49771	100.509254183343
RESPICAT_MAG_000524	99.69	0.62	33.33	2770955	63624	99.2196819847224
RESPICAT_MAG_000525	95.36	0.94	60	1769030	28595	92.5021450504413
RESPICAT_MAG_000526	98.88	2.41	0	2197931	29801	89.079635418736
RESPICAT_MAG_000527	91.95	0.82	33.33	1901668	11728	89.2079179786485
RESPICAT_MAG_000528	99.01	0.42	0	4919030	74408	98.3958098156834
RESPICAT_MAG_000529	99.36	0	0	2747770	56369	101.760368915199
RESPICAT_MAG_000530	97.59	2.21	0	2166195	142790	88.1673488967982
RESPICAT_MAG_000531	84.33	0	0	743279	254532	87.0555155283392
RESPICAT_MAG_000532	97.23	0.45	0	2114946	53679	97.3769462083259
RESPICAT_MAG_000533	63.39	0.85	0	776979	25205	60.3907433508871
RESPICAT_MAG_000534	72.26	0	0	644645	33672	73.57363445637
RESPICAT_MAG_000535	91.51	0.12	100	2164834	26899	93.2748094007964
RESPICAT_MAG_000536	76.4	0	0	949351	124133	78.9636381256919
RESPICAT_MAG_000537	91.55	1.13	100	2610951	52888	88.4416785720764
RESPICAT_MAG_000538	98.21	0	0	2503133	33664	100.504461859069
RESPICAT_MAG_000539	93.6	2.96	0	2106194	92376	80.3327795764031
RESPICAT_MAG_000540	96.63	3.85	41.67	1861636	47877	81.3260314647241
RESPICAT_MAG_000541	91.82	3.64	0	2802666	93753	75.1559925868004
RESPICAT_MAG_000542	65.36	0	0	680191	49426	66.7569777324181
RESPICAT_MAG_000543	97.78	7.29	79.31	2201417	25445	68.3645002276047
RESPICAT_MAG_000544	93.75	0	0	2799145	62912	95.199366745908
RESPICAT_MAG_000545	78.65	1.12	100	790689	47620	75.5588946955344
RESPICAT_MAG_000546	99.19	0	0	1546665	210469	101.875404068802
RESPICAT_MAG_000547	57.53	0.85	100	591074	14653	56.2224022748046
RESPICAT_MAG_000548	96.96	1.69	0	2146984	11727	89.5945934625759
RESPICAT_MAG_000549	60.26	0	0	638491	28964	61.5409292694043
RESPICAT_MAG_000550	99.75	4.89	42.86	2341961	70135	79.8358824006629
RESPICAT_MAG_000551	100	0	0	1728092	173371	102.628776227097
RESPICAT_MAG_000552	96.89	0.18	50	1960921	123835	98.6345222042427
RESPICAT_MAG_000553	60.4	0.85	0	1012929	164449	57.8080156184599
RESPICAT_MAG_000554	60.4	1.71	0	1118427	80992	54.3430550617391
RESPICAT_MAG_000555	60.4	2.56	0	1098890	173157	49.2692200264582
RESPICAT_MAG_000556	98.65	0.51	0	2835678	71132	98.5482915099074
RESPICAT_MAG_000557	97.84	0	0	2171155	146730	99.4732594587705
RESPICAT_MAG_000558	96.36	0	0	2377104	67643	98.8064237635957
RESPICAT_MAG_000559	99.88	0.19	100	1816415	151358	100.760002690228
RESPICAT_MAG_000560	97.98	2.13	60	3308584	41112	90.9540513023386
RESPICAT_MAG_000561	60.4	5.56	14.29	1044275	19168	34.5858124003546
RESPICAT_MAG_000562	97.47	2.58	9.09	2199838	94787	86.3428963890519
RESPICAT_MAG_000563	64.79	0	0	703318	47799	67.1334224054292
RESPICAT_MAG_000564	68.42	0	0	707703	14651	69.5529336341765
RESPICAT_MAG_000565	99.89	0	0	2855409	214788	102.577144673711
RESPICAT_MAG_000566	81.88	1.13	75	1765128	20730	78.2857996510469
RESPICAT_MAG_000567	94.72	3.22	86.36	2247472	25115	82.6507585912478
RESPICAT_MAG_000568	97.89	0.02	0	1984988	97283	100.314247477425
RESPICAT_MAG_000569	90.94	2.21	70	2124078	9420	82.4740254513964
RESPICAT_MAG_000570	99.89	0	0	1884703	286081	102.6214900076
RESPICAT_MAG_000571	99.51	0.37	0	1810966	426019	99.5247144843062
RESPICAT_MAG_000572	93.99	1.64	33.33	1710703	71549	88.7850077841246
RESPICAT_MAG_000573	98.08	0.12	50	1739653	72869	99.9809964048155
RESPICAT_MAG_000574	92.38	0	0	2452237	37276	94.6946246515307
RESPICAT_MAG_000575	99.32	0	0	2758632	180738	101.97081173609
RESPICAT_MAG_000576	97.85	0.54	0	1835336	211175	97.8365966514273
RESPICAT_MAG_000577	83.82	0.64	0	2053025	8272	82.6153002628749
RESPICAT_MAG_000578	95.1	0	0	2196514	69589	97.5309672978451
RESPICAT_MAG_000579	85.27	3.1	62.5	2247703	10822	72.7746537647983
RESPICAT_MAG_000580	97.04	0.18	0	1840672	51021	98.5065804832152
RESPICAT_MAG_000581	64.96	0	0	796121	148677	66.5961218946656
RESPICAT_MAG_000582	96.42	0.52	0	3051124	109836	96.3718258542049
RESPICAT_MAG_000583	99.88	1.8	0	1744674	322787	93.6388773510951
RESPICAT_MAG_000584	65.81	0	0	791165	579564	68.7084467005744
RESPICAT_MAG_000585	97.36	0.6	66.67	1873019	77317	96.2541574972468
RESPICAT_MAG_000586	95.63	0.37	0	2368171	254192	96.5077369390993
RESPICAT_MAG_000587	99.44	0.79	40	2437678	184998	98.4596455166511
RESPICAT_MAG_000588	99.88	0.5	0	2102369	131871	98.9900746497644
RESPICAT_MAG_000589	96.05	1.18	50	2038822	18148	91.919414385297
RESPICAT_MAG_000590	57.12	3.4	57.14	746193	8759	43.0839872631712
RESPICAT_MAG_000591	56.98	5.98	85.71	1018255	18278	33.3864223364953
RESPICAT_MAG_000592	97.1	0.06	0	2138636	136040	98.4168333116303
RESPICAT_MAG_000593	96.83	0	0	2625094	89492	99.3542941069812
RESPICAT_MAG_000594	97.85	0.54	100	1728724	35531	97.9672987153176
RESPICAT_MAG_000595	100	0.47	0	3213985	103785	100.19060969483
RESPICAT_MAG_000596	98.02	7.77	34.88	1899440	59411	63.3171094312197
RESPICAT_MAG_000597	98.41	3.91	11.11	2573075	94118	80.8312373449394
RESPICAT_MAG_000598	89.15	0.43	50	2025776	8736	89.2163753126803
RESPICAT_MAG_000599	98.76	0.68	0	1940691	100523	97.908718720581
RESPICAT_MAG_000600	94.97	2.07	27.78	1712103	16061	87.3324792910492
RESPICAT_MAG_000601	88.45	0.95	80	1630557	37986	85.7998117819526
RESPICAT_MAG_000602	98.79	0	0	2056358	51092	101.182500451752
RESPICAT_MAG_000603	99.77	5.24	74.29	2070276	61118	78.9058805670641
RESPICAT_MAG_000604	99.17	4.29	43.75	2380247	32539	80.9030771009575
RESPICAT_MAG_000605	95.71	0	0	2357795	126695	97.3113797379261
RESPICAT_MAG_000606	59.26	2.78	33.33	836346	55204	47.7075592736018
RESPICAT_MAG_000607	54.25	0.85	0	764928	5877	50.9345778453572
RESPICAT_MAG_000608	84.33	0	0	757024	155453	85.9757995538325
RESPICAT_MAG_000609	98.04	0.1	0	2149621	26329	99.7856311822547
RESPICAT_MAG_000610	100	0.47	0	2051280	85214	100.128320618781
RESPICAT_MAG_000611	98.73	0.63	0	2041720	92856	98.0771168190498
RESPICAT_MAG_000612	63.68	0.85	0	733633	211624	62.1139069594616
RESPICAT_MAG_000613	50.75	0	0	1017519	229236	52.4801414108659
RESPICAT_MAG_000614	84.33	0	0	807117	174774	86.0012384129582
RESPICAT_MAG_000615	88.81	2.24	0	2831549	19865	79.7925392846957
RESPICAT_MAG_000616	63.74	0	0	643259	208976	66.425211872722
RESPICAT_MAG_000617	90.78	3.65	40	1791256	6365	74.9418992039948
RESPICAT_MAG_000618	60.4	0.85	0	1168621	193954	57.8438493703388
RESPICAT_MAG_000619	99.19	1.41	8.33	2864287	35005	94.548056040994
RESPICAT_MAG_000620	62.89	0	0	615891	376306	65.7143485714854
RESPICAT_MAG_000621	53.8	0.93	0	667059	7863	50.1477941378331
RESPICAT_MAG_000622	62.96	0.85	0	828618	30537	60.0024131845422
RESPICAT_MAG_000623	98.39	0.54	0	2083230	111436	98.2379817573383
RESPICAT_MAG_000624	96.7	0.92	0	2359318	14983	93.2377993897592
RESPICAT_MAG_000625	84.33	0	0	780372	123611	85.9260285599182
RESPICAT_MAG_000626	100	0	0	1478578	149398	102.595616141796
RESPICAT_MAG_000627	59.54	1.71	0	765929	22253	52.2136942839645
RESPICAT_MAG_000628	92.03	1.27	0	1666036	7924	86.6794722334333
RESPICAT_MAG_000629	91.6	0.42	0	1955064	12466	90.597863561278
RESPICAT_MAG_000630	97.65	0.12	0	1765161	193611	99.7415340140471
RESPICAT_MAG_000631	64.1	0	0	718601	225056	65.8261452978666
RESPICAT_MAG_000632	95.39	0	0	1647047	48860	97.7576257313187
RESPICAT_MAG_000633	96.96	0.09	100	2483618	103753	98.1580003315576
RESPICAT_MAG_000634	63.74	0	0	629807	109749	65.3102002858855
RESPICAT_MAG_000635	84.33	3.45	0	711742	106127	68.6429129438794
RESPICAT_MAG_000636	84.33	0	0	791462	94767	85.8683285662802
RESPICAT_MAG_000637	98.6	0	0	2346824	44989	100.959106669962
RESPICAT_MAG_000638	65.36	0	0	619630	81492	66.8655574882572
RESPICAT_MAG_000639	59.69	0	0	898201	110289	62.217041599477
RESPICAT_MAG_000640	96.11	0	0	1198586	125154	98.7032277005778
RESPICAT_MAG_000641	52.71	4.27	80	772491	11179	35.8502014780764
RESPICAT_MAG_000642	93.62	0.86	66.67	2174274	51683	92.2887183574242
RESPICAT_MAG_000643	97.14	0.38	33.33	2574377	48431	97.738766718211
RESPICAT_MAG_000644	63.93	1.05	40	1811184	18403	60.2824443130603
RESPICAT_MAG_000645	90.77	0.46	100	2119114	13409	90.0436981953883
RESPICAT_MAG_000646	98.25	0	0	2184559	22780	99.4787768598715
RESPICAT_MAG_000647	99.52	0.98	0	2419559	76179	97.0902490336943
RESPICAT_MAG_000648	52.48	0.86	100	1051991	45261	50.4178620725301
RESPICAT_MAG_000649	95.06	0.86	40	1971952	44338	93.4371510495251
RESPICAT_MAG_000650	91.62	0	0	1636525	77387	94.0756800055194
RESPICAT_MAG_000651	98.87	0	0	2331653	140776	101.452715935514
RESPICAT_MAG_000652	97.77	0	0	1698859	144064	99.3992777344922
RESPICAT_MAG_000653	96.51	1.27	50	2202924	56547	93.201366117911
RESPICAT_MAG_000654	85.25	0	0	1505961	42439	86.6138825709841
RESPICAT_MAG_000655	62.71	0.57	50	633631	22821	61.3741673354873
RESPICAT_MAG_000656	97.96	0.37	0	2204093	202633	97.8133550871233
RESPICAT_MAG_000657	59.47	0.85	0	591141	22011	56.4413198868972
RESPICAT_MAG_000658	52.9	0	0	479386	8235	53.9078318017529
RESPICAT_MAG_000659	99.06	0.08	0	2081156	302263	101.411030494232
RESPICAT_MAG_000660	100	0	0	2750897	118019	102.542973298558
RESPICAT_MAG_000661	73.35	2.62	45.45	1343022	5378	62.3561003989436
RESPICAT_MAG_000662	98.32	0.7	50	2617802	52329	97.5589432177555
RESPICAT_MAG_000663	96.95	1.22	0	2978370	78515	93.3213590675122
RESPICAT_MAG_000664	98.46	0	0	2035746	183931	101.101054037446
RESPICAT_MAG_000665	60.4	0.85	0	1070093	175031	57.8215574870192
RESPICAT_MAG_000666	98.23	0.66	20	2306127	72603	96.5424772831912
RESPICAT_MAG_000667	65.43	0.93	0	899107	226348	63.4766393307216
RESPICAT_MAG_000668	97.65	2.6	90.91	2198240	35448	88.3384558685118
RESPICAT_MAG_000669	99.31	0.21	0	2161994	104905	100.798497094052
RESPICAT_MAG_000670	99.88	0.37	0	1860316	159280	100.64762062351
RESPICAT_MAG_000671	98.92	0	0	1891560	115046	101.450767761706
RESPICAT_MAG_000672	63.74	0	0	648775	121111	65.3315917950329
RESPICAT_MAG_000673	93.57	1.06	75	1639682	25582	91.3096562472998
RESPICAT_MAG_000674	63.39	1.28	0	836844	28993	58.2711465777713
RESPICAT_MAG_000675	94.04	0.11	0	1772293	62268	95.8977569583713
RESPICAT_MAG_000676	95.51	1.12	0	1116867	11070	91.9679481437727
RESPICAT_MAG_000677	97.35	0.33	100	2473207	107194	98.5674037385747
RESPICAT_MAG_000678	99.88	5.27	25	2351401	104037	76.4060939102172
RESPICAT_MAG_000679	98.83	0.16	0	1906629	106864	100.58479271306
RESPICAT_MAG_000680	99.53	1.18	60	3141610	92980	96.8398812709235
RESPICAT_MAG_000681	99.36	0	0	2676011	111862	101.903161289944
RESPICAT_MAG_000682	97.59	0.06	0	2131997	441879	99.1626516812509
RESPICAT_MAG_000683	62.65	2.72	0	1191026	173560	50.7197248207286
RESPICAT_MAG_000684	96.27	1.67	71.43	2043973	38468	91.441765303687
RESPICAT_MAG_000685	97.14	0	0	2549745	46625	99.4883956724084
RESPICAT_MAG_000686	65.81	0	0	756554	183703	68.45069112435
RESPICAT_MAG_000687	98.1	0.63	0	1831534	144694	97.5546648613407
RESPICAT_MAG_000688	99.88	0.68	33.33	2240371	156647	99.320792040988
RESPICAT_MAG_000689	96.92	0	0	1585447	22053	99.128813172068
RESPICAT_MAG_000690	99.48	0.07	0	2237884	207580	101.812141253808
RESPICAT_MAG_000691	97.19	1.52	0	3000614	25729	90.8452114534837
RESPICAT_MAG_000692	97.21	0.52	0	3400807	155931	97.235536232035
RESPICAT_MAG_000693	62.43	0	0	944073	129872	65.0048227643115
RESPICAT_MAG_000694	94	0	0	2180660	90343	95.5279472539928
RESPICAT_MAG_000695	52.93	0	0	500141	5907	53.8656834854289
RESPICAT_MAG_000696	94.67	0.53	33.33	2278006	46174	94.5572034159704
RESPICAT_MAG_000697	92.62	0.72	100	1675154	46643	92.1121992378732
RESPICAT_MAG_000698	62.65	0.46	100	957883	51881	62.2175041692332
RESPICAT_MAG_000699	92.89	0.95	0	2782566	53222	90.5209745953167
RESPICAT_MAG_000700	96.77	1.61	0	1431897	159953	90.3719961949554
RESPICAT_MAG_000701	93.89	0	0	1621806	160970	95.5433724720269
RESPICAT_MAG_000702	99.77	0.69	0	2419550	118528	98.8907654781649
RESPICAT_MAG_000703	98.13	0.19	0	1956985	120689	99.7585398444231
RESPICAT_MAG_000704	99.15	0.27	0	2290913	101974	100.324931727568
RESPICAT_MAG_000705	97.47	1.72	16.67	2150031	123652	91.7395545726088
RESPICAT_MAG_000706	94.92	2.59	63.64	1747606	13476	84.7330565011545
RESPICAT_MAG_000707	100	0.11	0	4486530	108008	101.016727962129
RESPICAT_MAG_000708	99.42	0.2	0	2089351	105081	99.9807620985417
RESPICAT_MAG_000709	62.61	0.93	0	938931	43314	59.3283141460985
RESPICAT_MAG_000710	84.82	3.33	20	2274276	24372	70.0794455847262
RESPICAT_MAG_000711	92.17	0.48	0	2092579	10314	91.8008845635353
RESPICAT_MAG_000712	96.91	0.33	0	2585493	29107	96.5419987229429
RESPICAT_MAG_000713	93.7	1.07	40	2690605	15796	89.9272735625322
RESPICAT_MAG_000714	91.98	0.88	40	2385841	31614	89.2319397244782
RESPICAT_MAG_000715	50.75	0	0	1036697	706128	52.7244417164289
RESPICAT_MAG_000716	61.66	0.46	0	704537	28860	60.6401481633787
RESPICAT_MAG_000717	99.16	0	0	2074381	121929	101.712645505976
RESPICAT_MAG_000718	96.16	3.1	60	2444044	20051	83.7210680184943
RESPICAT_MAG_000719	99.87	1.91	64.29	2026992	124688	93.1458513294476
RESPICAT_MAG_000720	88.06	0	0	1205839	49535	89.4574560836643
RESPICAT_MAG_000721	99.55	0.45	0	2781835	384536	100.119251302198
RESPICAT_MAG_000722	77.53	0	0	922604	92481	80.031192058571
RESPICAT_MAG_000723	52.1	2.75	80	900120	9409	41.5867717342662
RESPICAT_MAG_000724	61.11	0	0	753486	157416	62.7585244363068
RESPICAT_MAG_000725	92.47	0	0	1295185	22783	94.6728554550792
RESPICAT_MAG_000726	97.71	0	0	2369668	93564	100.219474390134
RESPICAT_MAG_000727	60.4	0.85	0	1072328	126979	58.7144039512723
RESPICAT_MAG_000728	94.11	3.92	87.5	2158939	6859	78.9081304014292
RESPICAT_MAG_000729	98.82	0	0	1986357	181241	101.46041382487
RESPICAT_MAG_000730	86.82	1.92	60	2899203	14837	79.5076730483436
RESPICAT_MAG_000731	54.52	3.53	33.33	1055525	7688	39.0394556873302
RESPICAT_MAG_000732	97.59	0.43	0	2143464	86093	97.9523809207619
RESPICAT_MAG_000733	99.14	0.08	0	1780688	149911	101.364581250594
RESPICAT_MAG_000734	99.3	0.35	0	2809035	59917	99.965359363549
RESPICAT_MAG_000735	63.82	0.85	0	797962	26932	60.8351343028979
RESPICAT_MAG_000736	92.38	0.48	0	1673268	46636	92.3429406468143
RESPICAT_MAG_000737	65.43	3.7	20	889865	85817	50.1568136641742
RESPICAT_MAG_000738	64.67	1.71	0	809730	39009	57.4655824086339
RESPICAT_MAG_000739	61.6	0	0	1092611	173386	64.2341485137898
RESPICAT_MAG_000740	93.33	0	0	748362	51368	94.7353463284542
RESPICAT_MAG_000741	65.99	0.13	0	1297293	21839	66.5596163741495
RESPICAT_MAG_000742	97.24	0.8	0	2282769	27223	95.4928849915808
RESPICAT_MAG_000743	77.38	0	0	541540	66954	79.7977032639827
RESPICAT_MAG_000744	81.18	0.99	0	1606247	8367	77.2412848844929
RESPICAT_MAG_000745	97.62	0	0	2170507	107566	100.162914509523
RESPICAT_MAG_000746	89.29	0.24	100	2160699	40567	90.6490249460309
RESPICAT_MAG_000747	97.85	0.34	100	2526268	44174	98.8470913634199
RESPICAT_MAG_000748	99.9	0.32	100	1681628	26668	100.864140723227
RESPICAT_MAG_000749	100	0.81	0	1627659	178889	98.6058058181703
RESPICAT_MAG_000750	65.41	0	0	694539	82290	67.9048545311621
RESPICAT_MAG_000751	94.95	1.09	50	2259182	78064	92.5263794003841
RESPICAT_MAG_000752	63.96	0	0	720090	46779	65.3450254668049
RESPICAT_MAG_000753	98.92	0	0	1670749	117257	101.470267722654
RESPICAT_MAG_000754	99.3	1.38	44.44	2083522	66256	94.4738846065791
RESPICAT_MAG_000755	95.63	0.68	75	2133828	25016	94.9687626007841
RESPICAT_MAG_000756	100	0.48	0	2582322	83882	100.093649388404
RESPICAT_MAG_000757	99.17	0.83	0	2461960	281669	97.7821918592938
RESPICAT_MAG_000758	96.5	0	0	2247200	203480	99.1686738644797
RESPICAT_MAG_000759	57.04	1.54	100	934041	8514	51.8950668229206
RESPICAT_MAG_000760	63.68	1	0	824938	116695	61.2379441241712
RESPICAT_MAG_000761	99.31	0	0	2464802	123267	101.886472413253
RESPICAT_MAG_000762	95.93	0.43	50	2161125	35474	95.3199550808441
RESPICAT_MAG_000763	99.88	0	0	1880496	64112	102.327207662544
RESPICAT_MAG_000764	58.9	1.71	50	1070200	74316	52.6905411630286
RESPICAT_MAG_000765	98.31	0	0	2782249	80877	100.788164405608
RESPICAT_MAG_000766	98.92	0	0	1749444	103347	101.457147937132
RESPICAT_MAG_000767	98.57	0.5	0	2400270	52923	98.4511447273431
RESPICAT_MAG_000768	89.96	4.39	75	1960148	5545	72.2244507752426
RESPICAT_MAG_000769	62.23	0	0	886558	10355	63.2875750516147
RESPICAT_MAG_000770	97.84	0.74	0	2208982	279154	96.8856059276202
RESPICAT_MAG_000771	65.38	0.85	0	854873	161443	63.766029609603
RESPICAT_MAG_000772	65.1	0	0	828061	247801	67.820614860652
RESPICAT_MAG_000773	97.83	4.99	79.31	2001615	35253	78.1611670404936
RESPICAT_MAG_000774	99.69	0.56	50	2391873	169516	99.7925266336911
RESPICAT_MAG_000775	92.31	0.85	83.33	1958097	15552	89.9141981237911
RESPICAT_MAG_000776	59.12	0.85	0	916908	88653	57.3506000516459
RESPICAT_MAG_000777	98.03	0	0	2391524	36933	100.313630959682
RESPICAT_MAG_000778	97.27	0.1	0	2412524	66030	99.1851379819698
RESPICAT_MAG_000779	99.98	0.7	0	2693995	74662	98.9282803096806
RESPICAT_MAG_000780	77.05	0	0	626469	108126	79.6076270685253
RESPICAT_MAG_000781	97.47	2.58	12.5	2204641	245751	87.6283326468606
RESPICAT_MAG_000782	98.83	0.23	0	2064436	124499	100.267441598221
RESPICAT_MAG_000783	98.55	0.26	66.67	2122559	68015	99.8517563511975
RESPICAT_MAG_000784	63.74	0	0	652093	84029	66.251755597593
RESPICAT_MAG_000785	99.3	0	0	2261162	128199	101.887614318769
RESPICAT_MAG_000786	60.09	1.71	50	707621	13794	54.4973121108265
RESPICAT_MAG_000787	97.16	2.22	25	2196178	55879	88.03862431273
RESPICAT_MAG_000788	99.3	0.7	0	2534673	106163	98.3333315912556
RESPICAT_MAG_000789	94.92	0.08	0	2762861	28518	95.7975595323392
RESPICAT_MAG_000790	94.47	1.48	50	2277722	53110	89.2225881507096
RESPICAT_MAG_000791	79.03	1.29	66.67	1657496	9017	75.4485485348375
RESPICAT_MAG_000792	85.47	0.18	50	2170222	146338	87.2553945576198
RESPICAT_MAG_000793	97.5	0	0	2143722	116408	99.0829914138531
RESPICAT_MAG_000794	97.34	1	0	2410187	38241	93.6812646202644
RESPICAT_MAG_000795	63.58	0.93	0	793741	48096	61.2717000794534
RESPICAT_MAG_000796	78.61	1.12	100	1179992	6172	75.0752129586956
RESPICAT_MAG_000797	96.11	0.06	0	2162560	111026	97.382712346755
RESPICAT_MAG_000798	65.81	0	0	719850	237189	67.5475472720466
RESPICAT_MAG_000799	99.51	0.07	0	1820725	128164	101.720450526644
RESPICAT_MAG_000800	98.29	1.09	0	1973297	34714	95.1276998295646
RESPICAT_MAG_000801	95.64	0.68	75	1741182	44030	95.0986150093964
RESPICAT_MAG_000802	98.8	0	0	1847071	102980	101.322318943746
RESPICAT_MAG_000803	99.88	0	0	1993652	107641	102.417901861884
RESPICAT_MAG_000804	95.97	0	0	2164392	104733	97.5300417718795
RESPICAT_MAG_000805	92.54	2.01	57.14	3164216	13155	85.7247091762109
RESPICAT_MAG_000806	95.85	1.16	100	2428361	40710	93.5362930511897
RESPICAT_MAG_000807	98.26	0.22	0	4239511	13098	98.2686024930464
RESPICAT_MAG_000808	97.59	2.31	60	3297555	28926	89.6867865242667
RESPICAT_MAG_000809	95.76	1.49	20	2020721	27080	89.8743243300066
RESPICAT_MAG_000810	60.4	1.71	0	1062595	134948	53.4650832262343
RESPICAT_MAG_000811	96.83	0.14	50	1972342	58670	98.6116353774415
RESPICAT_MAG_000812	98.31	0.84	0	2800412	134258	96.7075847533398
RESPICAT_MAG_000813	58.8	0	0	582559	7839	59.7971303322235
RESPICAT_MAG_000814	78.24	3.27	0	2474746	29021	63.1713561865974
RESPICAT_MAG_000815	96.59	2.01	60	2138942	36698	89.0783211981665
RESPICAT_MAG_000816	62.24	0	0	747488	97829	63.7852338071129
RESPICAT_MAG_000817	60.4	0.85	0	1011320	238405	58.8594926797489
RESPICAT_MAG_000818	100	0.47	0	2805867	68604	100.110711319131
RESPICAT_MAG_000819	97.12	0.47	0	2416730	71120	97.2254765406478
RESPICAT_MAG_000820	100	0	0	1887868	221895	102.709716958153
RESPICAT_MAG_000821	64.8	2.25	22.22	883501	31379	55.3482695495904
RESPICAT_MAG_000822	96.71	0.92	60	2135919	13764	93.7813723319744
RESPICAT_MAG_000823	51.68	3.43	60	544932	18038	37.7660941912949
RESPICAT_MAG_000824	55.44	2.56	33.33	957369	38800	44.8376638627971
RESPICAT_MAG_000825	100	0.47	0	3078783	209915	100.319922736643
RESPICAT_MAG_000826	99.19	0	0	1578436	77763	101.637659503392
RESPICAT_MAG_000827	97.85	5.52	80	2066720	21322	76.8410789695071
RESPICAT_MAG_000828	88.86	0.93	100	2207913	23001	87.3521258589879
RESPICAT_MAG_000829	98.17	0.08	100	1870215	54709	100.22449055496
RESPICAT_MAG_000830	99.36	0.16	0	2901798	140231	101.162259348853
RESPICAT_MAG_000831	98.4	0.12	0	1808007	171067	99.4665831196152
RESPICAT_MAG_000832	61.97	0	0	906202	76117	64.44108683155
RESPICAT_MAG_000833	99.19	0.05	0	2707115	105210	101.478751510301
RESPICAT_MAG_000834	93.94	0.3	0	2481851	46589	94.8065931943619
RESPICAT_MAG_000835	99.26	0.74	100	2148712	93652	98.8249595282272
RESPICAT_MAG_000836	93	1.01	0	2274164	17970	90.1041460385545
RESPICAT_MAG_000837	89.83	0.15	100	1478329	93826	90.766161600916
RESPICAT_MAG_000838	98.76	2.94	0	2646793	65727	86.5042139050404
RESPICAT_MAG_000839	54.2	0	0	986009	230522	56.8862496894239
RESPICAT_MAG_000840	64.51	0.93	0	836305	477596	62.7204533403994
RESPICAT_MAG_000841	96.64	2.45	61.11	2517797	32173	87.1909407794827
RESPICAT_MAG_000842	93.05	0.2	0	1961333	62738	93.4987653349398
RESPICAT_MAG_000843	96.54	0.37	0	1650935	38721	96.0339732823873
RESPICAT_MAG_000844	94.82	0.37	0	2134860	95265	95.4990601858974
RESPICAT_MAG_000845	99.32	0.23	0	3239389	129394	100.739535819282
RESPICAT_MAG_000846	92.23	2.87	50	2621268	16545	81.4622103857479
RESPICAT_MAG_000847	99.88	0	0	1834161	250692	102.581632987559
RESPICAT_MAG_000848	94.92	1.08	20	2193686	42977	92.0726740481915
RESPICAT_MAG_000849	81.81	0.37	100	1221064	6956	82.2842217866653
RESPICAT_MAG_000850	79.31	0	0	675484	25357	81.5127429353202
RESPICAT_MAG_000851	95.9	1.38	40	2056732	48365	90.9442655960547
RESPICAT_MAG_000852	81.51	0.09	0	1113467	9545	82.0998879663648
RESPICAT_MAG_000853	55.78	1.85	100	593360	36907	49.7135543724163
RESPICAT_MAG_000854	77.86	0.67	100	1908403	11411	76.2586618526846
RESPICAT_MAG_000855	97.69	0.11	66.67	2025056	63066	99.6338306432355
RESPICAT_MAG_000856	97.39	0.52	0	3520312	86575	97.2991339167774
RESPICAT_MAG_000857	97.55	0	0	1542525	116031	100.101058350922
RESPICAT_MAG_000858	98.03	0.59	0	2307062	24168	97.3012623561326
RESPICAT_MAG_000859	94.04	0.78	0	2712453	171268	92.8018783631183
RESPICAT_MAG_000860	95.69	0	0	1675172	259800	98.4070755733685
RESPICAT_MAG_000861	98.4	0.86	40	1731176	19242	96.5887664384894
RESPICAT_MAG_000862	90.19	1.36	80	1602688	40974	86.792716181551
RESPICAT_MAG_000863	60.73	0.43	0	723510	15842	59.7299050044769
RESPICAT_MAG_000864	91.32	1.35	16.67	1960930	13616	86.8786417713702
RESPICAT_MAG_000865	74.53	3.37	25	1096625	7808	59.5187699023293
RESPICAT_MAG_000866	96.4	1.55	100	1803814	56178	92.5930106368843
RESPICAT_MAG_000867	99.28	0.67	0	2484978	29238	97.2129738308825
RESPICAT_MAG_000868	64.51	0	0	870285	136216	67.0773560615108
RESPICAT_MAG_000869	63.39	0	0	718402	202539	66.0648629973654
RESPICAT_MAG_000870	62.65	1.85	0	1062327	173588	55.0697598497235
RESPICAT_MAG_000871	84.33	0	0	788188	119482	85.9186512418074
RESPICAT_MAG_000872	99.45	7.8	57.5	2203794	35826	66.2620991607827
RESPICAT_MAG_000873	99.33	0	0	2275555	146295	101.917185832545
RESPICAT_MAG_000874	59.69	0	0	747343	32585	60.9965088626658
RESPICAT_MAG_000875	61.25	1.71	0	986407	114864	54.2800919679945
RESPICAT_MAG_000876	90.92	0.53	50	2273073	17612	90.6949523383937
RESPICAT_MAG_000877	94.9	0.02	100	2391644	15760	96.9342236065768
RESPICAT_MAG_000878	98.98	0	0	2122418	137920	101.558322290907
RESPICAT_MAG_000879	75.69	0	0	1316689	47048	77.076270583197
RESPICAT_MAG_000880	100	0.65	0	3087190	85833	98.2668271460369
RESPICAT_MAG_000881	59.57	1.88	50	614998	26917	52.375013327255
RESPICAT_MAG_000882	94.51	1.12	100	2015134	47128	91.416639504864
RESPICAT_MAG_000883	99.28	2.69	12.5	2032967	81243	87.6711429759495
RESPICAT_MAG_000884	87.51	1.18	50	2228093	22337	84.3763924221039
RESPICAT_MAG_000885	96.07	1.22	0	3235537	112944	92.5327473322758
RESPICAT_MAG_000886	87.79	5	75	2220357	17448	67.7108728262853
RESPICAT_MAG_000887	59.54	0	0	749202	21755	60.7587795438144
RESPICAT_MAG_000888	92.55	7.16	61.54	3107035	14482	62.2866782715723
RESPICAT_MAG_000889	98.39	0.74	0	2129315	65380	97.1399384581222
RESPICAT_MAG_000890	59.54	0.85	0	967953	159244	56.9410315389778
RESPICAT_MAG_000891	80.88	0	0	721826	53781	82.2953144366012
RESPICAT_MAG_000892	98.24	0	0	2395314	72098	100.695239208774
RESPICAT_MAG_000893	64.51	0.93	0	833574	75457	62.3070263673199
RESPICAT_MAG_000894	83.46	0	0	780255	144254	86.0400359322444
RESPICAT_MAG_000895	87.53	0.72	0	1831995	8580	85.9303256439243
RESPICAT_MAG_000896	91.55	0.1	0	2659107	28436	92.3269342527781
RESPICAT_MAG_000897	98.52	1.03	75	3046493	24358	96.3712468130678
RESPICAT_MAG_000898	95.04	0.16	0	2340623	35047	96.5267574242868
RESPICAT_MAG_000899	99.95	3.37	53.85	3241165	30724	87.1854565448861
RESPICAT_MAG_000900	90.32	0	0	1563231	80302	92.7733861809715
RESPICAT_MAG_000901	96.84	9.14	74.29	2271243	15774	59.079076918245
RESPICAT_MAG_000902	99.17	0.83	0	2473597	131572	97.6143977381826
RESPICAT_MAG_000903	98.78	0.95	0	3078322	34639	96.332038339564
RESPICAT_MAG_000904	96.67	0	0	2441364	107202	99.2112107772284
RESPICAT_MAG_000905	97.47	0	0	2391432	61290	99.878454310676
RESPICAT_MAG_000906	100	0.7	0	2626153	74056	98.9404336253606
RESPICAT_MAG_000907	80.88	1.72	0	806751	160888	73.9332618264991
RESPICAT_MAG_000908	64.86	0.74	25	678215	44899	62.7211183342064
RESPICAT_MAG_000909	91.83	1.31	0	1400704	29163	87.543960098925
RESPICAT_MAG_000910	97.63	0.99	33.33	2699746	21123	95.209676799519
RESPICAT_MAG_000911	97.12	0.48	66.67	2322546	26546	97.2845555450288
RESPICAT_MAG_000912	100	0	0	2687031	86167	102.488016986382
RESPICAT_MAG_000913	60.4	0.85	0	1044805	213483	57.8646816485795
RESPICAT_MAG_000914	62.11	1.71	0	843438	27655	54.8308868314026
RESPICAT_MAG_000915	58.14	1.71	0	766182	17519	50.7617546563134
RESPICAT_MAG_000916	60.4	0.85	0	1007387	171268	57.8168381131183
RESPICAT_MAG_000917	98.83	0	0	2074750	39854	101.161589708233
RESPICAT_MAG_000918	97.62	0	0	2566914	39939	99.958266593363
RESPICAT_MAG_000919	98.99	0	0	2377060	135696	101.594035189599
RESPICAT_MAG_000920	62.96	0.85	0	854753	46595	60.0941696580348
RESPICAT_MAG_000921	97.03	0.08	0	2399917	21925	97.850469801019
RESPICAT_MAG_000922	98.98	0.16	0	2142261	99796	100.693450567173
RESPICAT_MAG_000923	98.88	0	0	1728970	21022	101.075511015876
RESPICAT_MAG_000924	69.79	3.58	0	1048957	25686	54.126618239109
RESPICAT_MAG_000925	97.26	0.7	0	2378553	61317	96.1663729491894
RESPICAT_MAG_000926	60.87	4.12	72.73	820557	54202	44.6834836559347
RESPICAT_MAG_000927	82.88	0.19	0	2165899	33343	83.2415023362108
RESPICAT_MAG_000928	64.07	1.54	100	746206	27800	59.182022397959
RESPICAT_MAG_000929	97.45	0.21	0	2492729	44480	98.7562717226203
RESPICAT_MAG_000930	81.6	1.61	60	3231415	7626	76.4920884004688
RESPICAT_MAG_000931	99.3	0	0	2365071	55608	101.701076971084
RESPICAT_MAG_000932	57.76	0.14	0	584794	68565	58.5280512401725
RESPICAT_MAG_000933	99.02	0.8	33.33	1992942	48747	97.6717089466989
RESPICAT_MAG_000934	97.85	0	0	1814424	131218	100.414428707019
RESPICAT_MAG_000935	62.46	0.85	100	675297	42283	61.4074248965697
RESPICAT_MAG_000936	100	0	0	2344942	96080	102.534014097197
RESPICAT_MAG_000937	99.42	0	0	2640282	51881	101.7914378359
RESPICAT_MAG_000938	62.96	1.71	0	826691	42873	55.7760919369718
RESPICAT_MAG_000939	94.94	0.93	100	1770802	15202	93.3520473640982
RESPICAT_MAG_000940	60.4	1.71	0	1074934	165001	53.5087432881468
RESPICAT_MAG_000941	97.35	1.5	85.71	1914011	73417	92.6185483170925
RESPICAT_MAG_000942	94.53	1.05	66.67	2228499	25079	92.1979804410566
RESPICAT_MAG_000943	97.45	0	0	2516786	41424	99.7807030165454
RESPICAT_MAG_000944	96.24	0.45	100	2282048	50665	95.8423540234937
RESPICAT_MAG_000945	63.27	0	0	700376	52844	64.6814978419445
RESPICAT_MAG_000946	89.94	1.6	85.71	1588299	9282	84.3451807820415
RESPICAT_MAG_000947	92.01	0.16	100	1751078	8298	92.3794867152465
RESPICAT_MAG_000948	93.23	1.11	33.33	1663764	27010	89.3157252920937
RESPICAT_MAG_000949	100	0	0	2544121	155984	102.627303026523
RESPICAT_MAG_000950	62.96	0.85	0	784816	32301	60.0146079838863
RESPICAT_MAG_000951	90.86	0	0	1768393	43842	93.2016451788644
RESPICAT_MAG_000952	59.54	0.85	0	998942	170997	57.9075162455619
RESPICAT_MAG_000953	60.34	0	0	651377	75487	62.7823704163374
RESPICAT_MAG_000954	64.51	0.93	0	840821	56039	61.2842451884108
RESPICAT_MAG_000955	100	0	0	1964521	249010	102.735907727479
RESPICAT_MAG_000956	99.38	0.02	0	2209974	72503	101.747918655169
RESPICAT_MAG_000957	59.34	1.71	0	750962	11226	51.8651125189418
RESPICAT_MAG_000958	100	1.84	0	2585023	114184	93.3615946263922
RESPICAT_MAG_000959	91.73	1.71	77.78	2333059	14997	85.6480401957361
RESPICAT_MAG_000960	96.18	2.12	66.67	1831413	12460	88.0911630211616
RESPICAT_MAG_000961	77.64	7.13	78.57	1494921	29795	48.8791126948804
RESPICAT_MAG_000962	57.09	0	0	672743	135093	58.7053164230671
RESPICAT_MAG_000963	97.92	0.03	0	1926642	136562	100.368794334277
RESPICAT_MAG_000964	99.34	0	0	2442210	180973	101.985584492889
RESPICAT_MAG_000965	64.96	0	0	775458	230229	66.6910800135711
RESPICAT_MAG_000966	90.34	4.48	85	2062684	6404	72.7012256616236
RESPICAT_MAG_000967	95.29	1.12	100	1755040	19545	92.0055178373842
RESPICAT_MAG_000968	65.38	1.71	0	836295	649270	59.7418631682195
RESPICAT_MAG_000969	95.56	0.12	100	1675634	47155	96.4667638745948
RESPICAT_MAG_000970	97.1	0.37	0	2165679	50536	97.6238759319432
RESPICAT_MAG_000971	65.31	0	0	625943	91528	67.8138243196304
RESPICAT_MAG_000972	87.71	3.07	100	1342704	42566	76.7945314203487
RESPICAT_MAG_000973	63.82	0	0	820285	28202	65.0951399541271
RESPICAT_MAG_000974	99.05	2.65	25	4029890	26584	88.7155111641353
RESPICAT_MAG_000975	78.64	0	0	553518	23244	80.8556504333834
RESPICAT_MAG_000976	98.18	0.68	0	2795296	99057	97.3054649188232
RESPICAT_MAG_000977	98.89	0.83	0	2430570	132551	97.3303627542573
RESPICAT_MAG_000978	68.2	0	0	1415804	34254	69.5173556466952
RESPICAT_MAG_000979	93.66	0.56	0	2014990	22997	93.053880259275
RESPICAT_MAG_000980	99.88	0	0	1878883	77354	102.338054388061
RESPICAT_MAG_000981	95.48	1.5	40	3309445	28749	90.8562453714339
RESPICAT_MAG_000982	99.45	0	0	1892728	131477	102.013633092965
RESPICAT_MAG_000983	96.76	0.36	0	1890882	254090	96.7124937866175
RESPICAT_MAG_000984	100	0	0	2168436	151373	102.624917875726
RESPICAT_MAG_000985	100	0.48	0	2757874	66242	100.026682518167
RESPICAT_MAG_000986	99.47	0	0	2828520	26380	101.692918538462
RESPICAT_MAG_000987	62.65	0.93	0	854502	63389	60.4198734502833
RESPICAT_MAG_000988	92.18	0.37	0	1979306	24256	91.572409591976
RESPICAT_MAG_000989	94.33	2.41	90.91	2098702	5529	85.3922542949694
RESPICAT_MAG_000990	85.81	0.93	66.67	1462326	9979	82.8295745113129
RESPICAT_MAG_000991	89.38	0.09	100	1849188	32382	91.3146943342244
RESPICAT_MAG_000992	63.82	0.85	0	827513	20467	60.775527094782
RESPICAT_MAG_000993	55.84	0.85	0	976442	27783	52.8618895694607
RESPICAT_MAG_000994	65.38	0	0	709584	185058	67.0636539321264
RESPICAT_MAG_000995	99.37	0.63	100	2569692	47595	99.211152415578
RESPICAT_MAG_000996	99.51	0	0	1902056	100260	102.010671850139
RESPICAT_MAG_000997	60.4	0	0	1113390	117282	62.9378676816736
RESPICAT_MAG_000998	97.61	0	0	1825665	169074	100.24165441372
RESPICAT_MAG_000999	98.96	0.05	0	2212632	55190	101.098560197033
RESPICAT_MAG_001000	52.63	0	0	544955	92211	54.1623913659192
RESPICAT_MAG_001001	99.86	0	0	1710878	207309	102.532928578364
RESPICAT_MAG_001002	98.36	1.78	0	1869078	65351	91.8838746187674
RESPICAT_MAG_001003	93.33	2.67	0	807444	123735	81.5762462813298
RESPICAT_MAG_001004	60.3	0.43	0	718833	43628	59.5198826522317
RESPICAT_MAG_001005	98.27	0.16	0	1808382	33209	99.7618991490907
RESPICAT_MAG_001006	97.46	2.15	100	1671515	25043	90.1093431767541
RESPICAT_MAG_001007	95.75	2.51	81.25	2153323	5971	86.1773985355909
RESPICAT_MAG_001008	99.88	0.31	50	1843848	92499	100.984630518819
RESPICAT_MAG_001009	64.04	2.78	33.33	803988	134137	53.6626762945165
RESPICAT_MAG_001010	84.33	0	0	781110	112762	86.8589433850598
RESPICAT_MAG_001011	99.48	0	0	1747191	82457	101.971172764995
RESPICAT_MAG_001012	98.34	0.6	0	1797733	19326	96.5330709876017
RESPICAT_MAG_001013	99.66	0.08	0	3584728	76012	101.70464157984
RESPICAT_MAG_001014	87.25	0.74	100	1310833	29266	85.5731816841305
RESPICAT_MAG_001015	64.96	0.85	0	754468	272378	62.4775860133229
RESPICAT_MAG_001016	100	0.07	0	1737110	111760	102.209781696553
RESPICAT_MAG_001017	58.6	3.42	50	797074	9773	44.2550139493851
RESPICAT_MAG_001018	100	1.69	0	2308663	75235	94.0128079626539
RESPICAT_MAG_001019	98.42	0.47	0	2274494	49140	98.437737326072
RESPICAT_MAG_001020	92.24	1.05	0	1422723	33656	88.3035312495045
RESPICAT_MAG_001021	95.13	0.56	100	2046030	32783	95.1627445468538
RESPICAT_MAG_001022	91.88	6.94	72.41	2056268	8051	63.2081789133211
RESPICAT_MAG_001023	98.68	0	0	1715386	150600	101.274001819266
RESPICAT_MAG_001024	89.45	0.6	100	1598915	74067	89.5154093772007
RESPICAT_MAG_001025	100	0.16	0	4510804	128031	101.774733568804
RESPICAT_MAG_001026	100	0	0	3657929	58285	102.409182400403
RESPICAT_MAG_001027	100	0	0	2075439	141901	102.58928758515
RESPICAT_MAG_001028	84.33	0	0	781812	781812	87.2782131660577
RESPICAT_MAG_001029	65.43	0.93	0	765467	146284	63.393638746937
RESPICAT_MAG_001030	97.15	0	0	2253505	31902	99.4369285553489
RESPICAT_MAG_001031	62.08	0.78	33.33	2178348	9682	59.4829565391524
RESPICAT_MAG_001032	60.68	0	0	703898	70325	62.1535548704186
RESPICAT_MAG_001033	99.28	0	0	1765610	90748	101.791165197854
RESPICAT_MAG_001034	94.74	2.25	71.43	2558228	26367	86.3577053595959
RESPICAT_MAG_001035	61.25	0	0	805052	25735	62.5052620862931
RESPICAT_MAG_001036	100	0.47	0	1951986	220560	100.328080376549
RESPICAT_MAG_001037	77.99	0.08	0	757348	757348	80.5684489914352
RESPICAT_MAG_001038	65.53	0	0	711647	218513	68.2120106397844
RESPICAT_MAG_001039	93.14	0.51	50	3181428	69058	93.3023959982611
RESPICAT_MAG_001040	98.88	1.12	0	1945845	21620	95.4827018448086
RESPICAT_MAG_001041	99.61	0	0	1957444	1342311	102.684852003156
RESPICAT_MAG_001042	86.24	1.12	0	710747	7047	82.5884586357486
RESPICAT_MAG_001043	64.35	0	0	722400	163824	66.0071887628271
RESPICAT_MAG_001044	92.35	1.42	66.67	2574026	29351	88.4701784512089
RESPICAT_MAG_001045	95.48	0.35	100	2569145	26193	96.3236366214698
RESPICAT_MAG_001046	92.87	0	0	2117649	55916	95.2779595481065
RESPICAT_MAG_001047	97.62	0	0	2532311	35935	99.9227808245964
RESPICAT_MAG_001048	99.88	0	0	2088449	78659	102.352823210439
RESPICAT_MAG_001049	98.9	0.55	0	2211467	53388	98.5538898258978
RESPICAT_MAG_001050	97.96	0.06	0	2150705	146097	100.264401649046
RESPICAT_MAG_001051	63.82	1.71	0	713412	93030	57.7572708438118
RESPICAT_MAG_001052	64.91	0.93	100	730983	89992	62.7171019518848
RESPICAT_MAG_001053	99.33	0.06	100	2049225	71740	101.55334368617
RESPICAT_MAG_001054	97.27	0.74	20	2357084	93062	95.2523861908708
RESPICAT_MAG_001055	97.96	0	0	1808602	89716	99.4864349511322
RESPICAT_MAG_001056	97.1	0.06	0	2198524	90840	98.3291385627738
RESPICAT_MAG_001057	50.4	0	0	649064	135635	52.0161858858625
RESPICAT_MAG_001058	99.53	0.47	0	2319534	34777	99.4843080576712
RESPICAT_MAG_001059	97.76	0	0	2921195	45385	100.127597836557
RESPICAT_MAG_001060	98.39	0	0	2033671	76883	100.861736660652
RESPICAT_MAG_001061	99.3	1.53	40	2784154	74550	94.7184808238945
RESPICAT_MAG_001062	56.83	0.58	33.33	1261544	8440	55.1364852233128
RESPICAT_MAG_001063	89.86	0.79	0	2081843	86772	88.3803713037908
RESPICAT_MAG_001064	97.41	0.57	0	1902524	53672	96.9316238894339
RESPICAT_MAG_001065	99.68	1.16	80	2256600	50562	96.2099121221524
RESPICAT_MAG_001066	97.47	0.37	0	2160062	95017	97.1589006570954
RESPICAT_MAG_001067	98.57	0	0	2425844	151134	101.164204688395
RESPICAT_MAG_001068	100	0.47	0	2196104	177312	100.310317730907
RESPICAT_MAG_001069	80.09	7.11	7.32	2468985	9051	46.0888002824473
RESPICAT_MAG_001070	94.5	0.67	0	2836956	66039	92.6099002441536
RESPICAT_MAG_001071	99.44	1.12	0	1289740	33823	96.1347895628027
RESPICAT_MAG_001072	98.18	0.76	0	1177378	36868	96.705757789409
RESPICAT_MAG_001073	97.65	0.49	0	1931159	49896	96.5990328655215
RESPICAT_MAG_001074	98.53	0.23	0	1934053	126823	98.9815990111075
RESPICAT_MAG_001075	57.24	2.99	75	792844	6889	45.5015780923761
RESPICAT_MAG_001076	92.85	1.18	66.67	2128827	20199	89.9246209345938
RESPICAT_MAG_001077	81.74	0.02	100	2028029	22624	82.8872846960584
RESPICAT_MAG_001078	60.4	1.71	0	1034482	149281	54.4465942678268
RESPICAT_MAG_001079	89.03	2.62	0	1936414	8733	76.9505817300792
RESPICAT_MAG_001080	94.25	0.55	75	2283517	131207	94.4746845028105
RESPICAT_MAG_001081	98.91	0.54	0	1863815	66511	98.6650037387736
RESPICAT_MAG_001082	61.18	4.41	62.5	1695951	7921	42.8856400066449
RESPICAT_MAG_001083	99.72	0.83	0	2612379	89364	98.0886406332788
RESPICAT_MAG_001084	97.47	0	0	2171090	222809	99.1939663647306
RESPICAT_MAG_001085	98.7	5.74	85.71	2021183	35264	76.2434197864178
RESPICAT_MAG_001086	61.25	2.56	0	1156565	152420	50.0915209786453
RESPICAT_MAG_001087	92.22	0.46	33.33	1996335	41566	92.4190041166371
RESPICAT_MAG_001088	98.93	1.47	25	2611452	53014	93.3596952868745
RESPICAT_MAG_001089	99.66	0.8	0	1896180	89641	98.1408723463549
RESPICAT_MAG_001090	61.51	4.44	50	867025	13341	42.6425941920843
RESPICAT_MAG_001091	69.83	0.64	100	1431248	11099	68.3426419256976
RESPICAT_MAG_001092	99.51	0	0	1973800	185102	102.145624010179
RESPICAT_MAG_001093	99.53	0.47	0	1752634	37027	99.502680263043
RESPICAT_MAG_001094	60.4	0.85	0	1065020	142184	57.77642536394
RESPICAT_MAG_001095	89.73	0.45	50	2066867	53386	90.101105691062
RESPICAT_MAG_001096	90.51	0	0	2693883	60779	92.9264684418334
RESPICAT_MAG_001097	92.52	1.22	33.33	2919667	22884	88.0563919695468
RESPICAT_MAG_001098	89.45	0.63	0	2247739	49038	87.6952663746512
RESPICAT_MAG_001099	96.45	0	0	1721528	77452	98.9067898183927
RESPICAT_MAG_001100	97.58	0.37	0	2435139	232710	98.4242757730819
RESPICAT_MAG_001101	99.92	0	0	2082983	27389	102.175111288007
RESPICAT_MAG_001102	62.96	0.85	0	808326	36439	60.0407832250336
RESPICAT_MAG_001103	74.25	0.84	0	1086270	11479	71.1299520279422
RESPICAT_MAG_001104	96.42	2.53	70	1954099	7576	86.5307199829976
RESPICAT_MAG_001105	94.39	0	0	1783394	55861	96.7840963529954
RESPICAT_MAG_001106	98.91	0.11	0	1854896	69682	100.812346970276
RESPICAT_MAG_001107	97.39	2.72	8.33	1809803	22851	85.2460286051565
RESPICAT_MAG_001108	98.46	0.33	0	2859779	39137	98.1562937661364
RESPICAT_MAG_001109	94.29	0.02	0	2707350	36834	96.499686441882
RESPICAT_MAG_001110	97.84	0.06	0	2215727	201922	99.2425918195959
RESPICAT_MAG_001111	99.4	0	0	1941222	110659	101.948644870638
RESPICAT_MAG_001112	98.08	0.83	0	1894759	96259	96.4539396728181
RESPICAT_MAG_001113	100	1.7	0	2192670	77118	93.9546655456292
RESPICAT_MAG_001114	96.9	2.26	36.36	2164250	62783	87.8706570320146
RESPICAT_MAG_001115	93.5	1.68	56.25	1790846	79114	87.5441266714881
RESPICAT_MAG_001116	95.26	2.65	78.57	2176603	8119	85.0968562707027
RESPICAT_MAG_001117	89.97	3.27	92	1918054	7005	77.6011040698109
RESPICAT_MAG_001118	100	1.14	0	2319559	54732	96.6759476591443
RESPICAT_MAG_001119	60.4	2.56	33.33	1041970	147675	50.0879014897649
RESPICAT_MAG_001120	99.08	3.05	50	1974905	29392	86.6391145694809
RESPICAT_MAG_001121	93.14	5.48	44.74	2069431	65422	69.6496139083513
RESPICAT_MAG_001122	95.24	0.4	0	1936863	33354	95.5351149622111
RESPICAT_MAG_001123	98.63	0	0	1849273	55565	101.032194409342
RESPICAT_MAG_001124	98.44	0.08	0	2358944	122053	100.62507222931
RESPICAT_MAG_001125	97.75	0.45	50	2041606	26447	97.9712487076121
RESPICAT_MAG_001126	91.93	1.14	40	1915451	27701	87.9572477236413
RESPICAT_MAG_001127	83.08	2.29	77.78	1676854	54601	74.8297622983716
RESPICAT_MAG_001128	92.96	0.08	0	1965965	18801	94.7279944747098
RESPICAT_MAG_001129	98.86	2.98	0	1962462	130777	85.5682656852533
RESPICAT_MAG_001130	98.31	0.56	0	3005179	45763	96.8902572434775
RESPICAT_MAG_001131	83.71	1.1	0	1334954	12211	79.303375615621
RESPICAT_MAG_001132	97.43	2.37	25.93	2383782	73269	88.646458132091
RESPICAT_MAG_001133	96.11	0	0	2458029	60820	98.5445548745707
RESPICAT_MAG_001134	82.6	0	0	810627	24473	83.8443436051006
RESPICAT_MAG_001135	91.04	2.16	100	3593074	44822	84.7654326156308
RESPICAT_MAG_001136	95.18	1.61	50	2141260	12631	89.0357188675694
RESPICAT_MAG_001137	94.09	1.54	66.67	2050937	12697	88.5185685597948
RESPICAT_MAG_001138	96.07	3.41	25	2337807	35753	81.1991562444501
RESPICAT_MAG_001139	80.51	0.31	0	1971368	5727	79.8889635915567
RESPICAT_MAG_001140	64.92	0	0	941013	70477	67.368464204575
RESPICAT_MAG_001141	96.37	3.82	85.71	2279089	16329	81.7006017945184
RESPICAT_MAG_001142	95.05	0.16	0	1974804	148448	96.8499871754193
RESPICAT_MAG_001143	84.33	0	0	749442	21707	85.5482999031258
RESPICAT_MAG_001144	100	2.25	0	2285356	73957	91.1995166430373
RESPICAT_MAG_001145	73.05	2.09	68.75	1569176	28045	65.3108027221728
RESPICAT_MAG_001146	99.53	0.47	0	6753260	76159	98.6708606164715
RESPICAT_MAG_001147	94.42	0.26	100	3024383	66411	95.8300720098922
RESPICAT_MAG_001148	95.79	0.82	100	1713342	48027	94.8700970630037
RESPICAT_MAG_001149	96.07	1.24	50	2325362	53454	92.8759124379928
RESPICAT_MAG_001150	97.26	0.6	40	1905247	26569	96.730233604404
RESPICAT_MAG_001151	95.19	0.37	100	2049016	14358	94.8385469744985
RESPICAT_MAG_001152	94.27	0.16	0	2150240	12357	95.554027523338
RESPICAT_MAG_001153	56.98	1.98	0	967258	27877	48.3526230175403
RESPICAT_MAG_001154	79.76	1.05	0	1807419	6024	76.4325834815963
RESPICAT_MAG_001155	63.82	1.2	0	881484	39354	59.1674944406428
RESPICAT_MAG_001156	96.58	0.34	100	2599108	105522	97.7681300069853
RESPICAT_MAG_001157	98.74	0.3	100	2053911	46907	98.9256188289751
RESPICAT_MAG_001158	58.45	4.02	83.33	827190	13143	42.8092132539489
RESPICAT_MAG_001159	93.33	2.11	0	798659	34031	85.0479653555074
RESPICAT_MAG_001160	98.22	0	0	2169482	48227	100.596179123559
RESPICAT_MAG_001161	62.11	1.71	0	882381	44080	54.9321207929219
RESPICAT_MAG_001162	97.19	2.25	50	1035333	36146	89.3820357887953
RESPICAT_MAG_001163	97.53	0	0	2157475	13038	99.6209244883521
RESPICAT_MAG_001164	97.15	0.63	0	1787298	57935	96.4165775056504
RESPICAT_MAG_001165	63.68	0.85	0	845083	186231	62.0789986543136
RESPICAT_MAG_001166	99.88	0.12	100	2249463	164051	102.046682941022
RESPICAT_MAG_001167	64.1	0	0	791738	133989	65.7135345729309
RESPICAT_MAG_001168	60.4	0.85	0	1012853	144235	57.7795353294374
RESPICAT_MAG_001169	64.51	0.93	0	824626	85845	62.3544565024821
RESPICAT_MAG_001170	68.27	0	0	633148	40480	70.6000765852492
RESPICAT_MAG_001171	99.19	1.61	50	2249033	82338	93.452800156862
RESPICAT_MAG_001172	88.03	1.3	50	2321792	8646	84.1898416155988
RESPICAT_MAG_001173	80.13	1.69	50	1345550	9599	73.5661129958373
RESPICAT_MAG_001174	62.15	0.43	100	625396	37377	62.7472582202746
RESPICAT_MAG_001175	93.74	0.47	0	1745721	31244	93.6454693145668
RESPICAT_MAG_001176	99.48	0	0	2477062	52134	101.883651523803
RESPICAT_MAG_001177	60.4	0	0	1112622	340522	63.1775265877425
RESPICAT_MAG_001178	97.59	0.06	0	2241473	270317	100.050644679479
RESPICAT_MAG_001179	79.66	1.18	50	1941712	11373	75.427937519573
RESPICAT_MAG_001180	82.15	0.45	100	1756240	22365	82.5332607012543
RESPICAT_MAG_001181	61.54	0.85	0	749482	151164	59.8802421877026
RESPICAT_MAG_001182	91.82	3.64	0	2927648	237843	75.3581451870726
RESPICAT_MAG_001183	99.88	0	0	1987852	141305	102.488905431363
RESPICAT_MAG_001184	92.94	0.37	0	2259112	97788	92.6351427819258
RESPICAT_MAG_001185	96.51	1	33.33	2261312	19214	94.0264158931828
RESPICAT_MAG_001186	97.39	0.96	0	2010119	111012	95.1562319635019
RESPICAT_MAG_001187	98.88	1.12	0	1075580	25383	95.518257974885
RESPICAT_MAG_001188	89.62	6.01	0	1531034	57285	60.9990204587145
RESPICAT_MAG_001189	97.18	0.16	0	1377151	22627	97.6073134884265
RESPICAT_MAG_001190	97.3	1.14	0	2100911	70340	93.0736011819904
RESPICAT_MAG_001191	98.95	0	0	3161551	52320	101.340278867658
RESPICAT_MAG_001192	97.76	0	0	2549337	26840	100.009403755748
RESPICAT_MAG_001193	96.37	0	0	2491934	28956	98.6342019506449
RESPICAT_MAG_001194	52.56	2.56	0	882615	164043	41.4174788515084
RESPICAT_MAG_001195	97.62	0	0	2178229	386390	100.44000327238
RESPICAT_MAG_001196	98.94	1.42	0	2355252	51274	93.2449485995254
RESPICAT_MAG_001197	74.04	0.68	0	1179680	8522	71.6552707649322
RESPICAT_MAG_001198	78.11	0.03	0	1791218	13500	79.0751668842475
RESPICAT_MAG_001199	97.45	0	0	2171070	38395	98.7921373359625
RESPICAT_MAG_001200	97.24	0.06	0	2279511	88329	99.4197702568411
RESPICAT_MAG_001201	93.45	0.9	16.67	2281542	63031	91.5090127653432
RESPICAT_MAG_001202	98.91	0	0	1807283	97805	101.432086195374
RESPICAT_MAG_001203	91.47	1.81	100	1981484	5566	85.152771600999
RESPICAT_MAG_001204	100	0	0	2061342	90015	101.527157442911
RESPICAT_MAG_001205	97.79	0.13	50	1733473	79651	99.6676736163194
RESPICAT_MAG_001206	62.11	0.85	0	1068452	148578	59.4959772540194
RESPICAT_MAG_001207	99.96	0.51	0	1908081	63265	99.8297137561879
RESPICAT_MAG_001208	98.81	1.08	50	2386135	21953	95.1707469386995
RESPICAT_MAG_001209	98.52	0.13	0	1735755	174473	99.5408641143345
RESPICAT_MAG_001210	60.66	1.8	0	1035025	72765	53.1409612668409
RESPICAT_MAG_001211	93.36	1.24	50	1510125	13525	89.8708461368893
RESPICAT_MAG_001212	96.29	0.06	0	1498359	72162	98.4459620306769
RESPICAT_MAG_001213	97.69	2.12	64.29	1841501	24935	89.7013526862772
RESPICAT_MAG_001214	87.78	0	0	1987319	12523	88.8788541902908
RESPICAT_MAG_001215	69.45	1.34	50	1074202	47461	65.7833096922663
RESPICAT_MAG_001216	99.51	1	20	1959647	83584	96.2210615754615
RESPICAT_MAG_001217	54.94	0.95	0	496754	8232	51.1977526808772
RESPICAT_MAG_001218	95.05	0.31	50	2293542	42346	96.0038626965899
RESPICAT_MAG_001219	75.57	0.67	0	1077008	44910	74.564151777531407
RESPICAT_MAG_001220	76.02	0	0	726395	18918	77.2084376105658
RESPICAT_MAG_001221	65.38	2.56	0	852160	97666	54.1248717005784
RESPICAT_MAG_001222	99.33	0	0	2177400	248583	102.053729462477
RESPICAT_MAG_001223	98.99	0	0	2853786	81269	101.488725457936
RESPICAT_MAG_001224	92.12	0	0	2118833	139790	94.7168997191092
RESPICAT_MAG_001225	84.8	1.5	60	1457736	35380	79.5243789142869
RESPICAT_MAG_001226	59.12	1.71	0	744244	10693	51.6345497834118
RESPICAT_MAG_001227	95.51	2.25	0	1500499	41558	86.584626319372
RESPICAT_MAG_001228	91.21	0.49	66.67	1874391	29550	91.3692287426086
RESPICAT_MAG_001229	89.34	2.34	37.5	1916326	5157	79.4236985657033
RESPICAT_MAG_001230	96.51	2.51	64.71	2445027	20365	86.788663207211
RESPICAT_MAG_001231	89.6	0	0	2073506	68399	92.0401778761696
RESPICAT_MAG_001232	97.84	0.37	0	2137031	223618	97.7147533794508
RESPICAT_MAG_001233	51.57	0	0	581570	139098	53.191660442799
RESPICAT_MAG_001234	63.16	0	0	656634	49635	65.5331960131078
RESPICAT_MAG_001235	61.25	0.85	0	1038430	123676	59.5822807153003
RESPICAT_MAG_001236	97.61	0	0	2303224	68524	100.038593353206
RESPICAT_MAG_001237	99.22	0	0	1934982	147437	101.841023242709
RESPICAT_MAG_001238	100	0	0	5045502	138979	101.621474591231
RESPICAT_MAG_001239	97.53	0.22	100	2100061	39273	98.9881430387901
RESPICAT_MAG_001240	97.15	2.43	66.67	2071469	31850	87.9216357183357
RESPICAT_MAG_001241	97.41	0	0	1820614	55470	99.8258470829394
RESPICAT_MAG_001242	88.66	0.78	33.33	2010535	34938	87.3066220202458
RESPICAT_MAG_001243	98.31	0.25	0	3528519	114068	99.5938662468107
RESPICAT_MAG_001244	78.29	0	0	730735	13033	79.3975221976292
RESPICAT_MAG_001245	99.65	0.05	0	2337728	54243	101.778260183787
RESPICAT_MAG_001246	55.27	0	0	727360	40355	56.6229486758225
RESPICAT_MAG_001247	75.98	0	0	1182789	47557	77.3686072252805
RESPICAT_MAG_001248	98.65	0.23	50	2523466	72357	100.045162276119
RESPICAT_MAG_001249	97.84	0.16	50	3630999	42373	99.4586244398597
RESPICAT_MAG_001250	90.73	0	0	817314	62738	93.1610783349398
RESPICAT_MAG_001251	99.88	0.2	0	2168153	123415	101.432204640443
RESPICAT_MAG_001252	96.54	2.59	60	2010827	35759	86.4706926826269
RESPICAT_MAG_001253	61.39	0.93	0	995409	29296	58.0234041634788
RESPICAT_MAG_001254	92.16	0.37	100	2170863	51536	93.0560628537378
RESPICAT_MAG_001255	61.93	2.43	66.67	715884	11485	52.4801464997655
